Entry,Cross-reference (Pfam),Cross-reference (InterPro)
P10408,PF02810;PF07517;PF01043;PF07516;,IPR027417;IPR004027;IPR000185;IPR020937;IPR011115;IPR014018;IPR011130;IPR011116;IPR036266;IPR036670;
P0AA37,PF00849;,IPR020103;IPR006225;IPR006224;IPR006145;
P14294,PF01131;PF01751;,IPR000380;IPR003601;IPR023406;IPR013497;IPR013824;IPR013825;IPR013826;IPR023405;IPR003602;IPR005738;IPR006171;IPR034144;
P0ABD5,PF03255;,IPR001095;IPR029045;IPR011763;
P0A9Q5,PF01039;,IPR034733;IPR000438;IPR029045;IPR011762;
P76506,PF04333;,IPR007428;
P45768,PF00528;,IPR010065;IPR000515;IPR035906;
P24182,PF02785;PF00289;PF02786;,IPR004549;IPR011761;IPR013815;IPR005481;IPR011764;IPR005482;IPR005479;IPR016185;IPR011054;
P06709,PF02237;PF03099;PF08279;,IPR030855;IPR004408;IPR004409;IPR003142;IPR004143;IPR013196;IPR008988;IPR036388;IPR036390;
P28630,PF14840;PF06144;,IPR008921;IPR032780;IPR010372;IPR005790;IPR027417;
P10151,PF00126;PF03466;,IPR005119;IPR000847;IPR036388;IPR036390;
P31473,PF07728;PF12592;,IPR003593;IPR011704;IPR023671;IPR022547;IPR027417;
P06959,PF00198;PF00364;PF02817;,IPR003016;IPR001078;IPR006256;IPR000089;IPR023213;IPR036625;IPR004167;IPR011053;
P0A6F5,PF00118;,IPR018370;IPR001844;IPR002423;IPR027409;IPR027413;IPR027410;
P76049,PF12146;,IPR029058;IPR022742;
P07604,PF18024;PF13188;PF00158;,IPR003593;IPR002912;IPR009057;IPR030828;IPR027417;IPR000014;IPR035965;IPR002078;IPR025662;IPR025943;IPR025944;
P03018,PF00580;PF13361;,IPR013986;IPR005753;IPR014017;IPR000212;IPR027417;IPR014016;IPR034739;
P06134,PF02805;PF01035;PF12833;PF02870;,IPR035451;IPR004026;IPR016221;IPR009057;IPR018060;IPR018062;IPR001497;IPR014048;IPR036217;IPR008332;IPR036631;IPR036388;
P12996,PF06968;PF04055;,IPR013785;IPR010722;IPR002684;IPR024177;IPR006638;IPR007197;
P76007,PF03471;PF00999;PF02080;,IPR006153;IPR036318;IPR016169;IPR030151;IPR023729;IPR006037;IPR036721;IPR005170;
P0AFI5,PF00768;,IPR012338;IPR018044;IPR001967;
P33360,PF00005;,IPR003593;IPR003439;IPR017871;IPR027417;
P42599,PF01408;,IPR036291;IPR000683;
P18843,PF02540;,IPR022310;IPR003694;IPR022926;IPR014729;
P0A8Z3,PF03061;,IPR008272;IPR029069;IPR006683;IPR014166;IPR006684;
P0AE06,PF00529;PF16576;,IPR032317;IPR006143;
P64602,PF13466;,IPR002645;IPR036513;
P39325,PF13407;,IPR033893;IPR028082;IPR025997;
P37637,PF00873;,IPR027463;IPR001036;IPR004764;
P02930,PF02321;,IPR003423;IPR010130;
P0CE48,PF00009;PF03144;PF03143;,IPR004161;IPR033720;IPR031157;IPR027417;IPR005225;IPR000795;IPR009000;IPR009001;IPR004541;IPR004160;
P0CE47,PF00009;PF03144;PF03143;,IPR004161;IPR033720;IPR031157;IPR027417;IPR005225;IPR000795;IPR009000;IPR009001;IPR004541;IPR004160;
P0ACS9,PF08361;PF00440;,IPR023772;IPR009057;IPR001647;IPR036271;IPR039419;IPR013572;
P27254,,IPR005129;IPR027417;
P76215,PF04952;,IPR007036;IPR016681;
P11989,PF03123;PF00874;,IPR004341;IPR036650;IPR011608;IPR036634;IPR001550;
P33931,PF00005;,IPR003593;IPR003439;IPR017871;IPR005895;IPR027417;
P0ACZ4,PF00196;PF00072;,IPR011006;IPR016032;IPR001789;IPR000792;IPR036388;
P45544,PF00392;PF07702;,IPR028978;IPR000524;IPR011663;IPR036388;IPR036390;
P13035,PF01266;PF16901;,IPR031656;IPR038299;IPR006076;IPR036188;IPR000447;
P0A8R9,PF00126;PF03466;,IPR005119;IPR020890;IPR000847;IPR036388;IPR036390;
P0A855,PF07676;PF04052;,IPR011042;IPR011659;IPR014167;IPR007195;IPR036752;
P77174,PF02195;,IPR003115;IPR036086;
P75862,PF07126;,IPR009809;
P76256,PF00814;,IPR000905;IPR022496;
P76396,PF00092;,IPR011392;IPR002035;IPR036465;
Q46864,PF15731;,IPR001387;IPR010982;IPR022452;IPR032758;IPR022453;
Q2M7R5,,
P0ADN2,PF04219;,IPR007335;
P0AB10,PF03886;,IPR005586;
P32705,PF00474;,IPR014083;IPR038377;IPR001734;IPR018212;
P08622,PF00226;PF01556;PF00684;,IPR012724;IPR002939;IPR001623;IPR018253;IPR008971;IPR001305;IPR036410;IPR036869;
P0A7V0,PF00318;,IPR001865;IPR005706;IPR018130;IPR023591;
P02413,PF00828;,IPR036227;IPR030878;IPR005749;IPR001196;IPR021131;
P14900,PF02875;PF08245;,IPR036565;IPR004101;IPR036615;IPR013221;IPR005762;
P06993,PF00196;,IPR027417;IPR016032;IPR011990;IPR023768;IPR000792;IPR036388;
P0A6W9,PF04262;,IPR014746;IPR007370;IPR006334;
P0AE08,PF10417;PF00578;,IPR017559;IPR000866;IPR024706;IPR019479;IPR036249;IPR013766;
P32719,PF00834;,IPR013785;IPR000056;IPR011060;
P36659,PF00226;PF01556;,IPR023859;IPR002939;IPR001623;IPR018253;IPR008971;IPR036869;
P02358,PF01250;,IPR000529;IPR020815;IPR020814;IPR035980;IPR014717;
P02359,PF00177;,IPR000235;IPR005717;IPR020606;IPR023798;IPR036823;
P77756,PF06508;,IPR018317;IPR014729;
P17169,PF01380;,IPR017932;IPR035466;IPR035490;IPR005855;IPR029055;IPR001347;
P06612,PF08272;PF01131;PF01751;PF01396;,IPR000380;IPR003601;IPR023406;IPR013497;IPR013824;IPR013825;IPR013826;IPR023405;IPR003602;IPR013498;IPR005733;IPR013263;IPR028612;IPR006171;IPR034149;
P76160,PF07041;,IPR009759;
P43672,PF00005;PF16326;PF12848;,IPR003593;IPR032524;IPR032781;IPR003439;IPR017871;IPR027417;IPR037118;
P0A6Y8,PF00012;,IPR012725;IPR018181;IPR029048;IPR029047;IPR013126;
P0ACR0,PF00126;PF03466;,IPR005119;IPR000847;IPR036388;IPR036390;
P0ACN4,PF09339;PF01614;,IPR029016;IPR014757;IPR005471;IPR036388;IPR036390;
P0AEF0,PF01695;,IPR003593;IPR028350;IPR002611;IPR027417;
P32718,PF00480;,IPR030883;IPR000600;
P32131,PF06969;PF04055;,IPR004558;IPR034505;IPR006638;IPR010723;IPR007197;IPR023404;
P0A9Z1,PF00543;,IPR002187;IPR011322;IPR015867;IPR017918;IPR002332;
P0AC55,PF00543;,IPR002187;IPR011322;IPR015867;IPR017918;IPR002332;
P0A805,PF01765;,IPR002661;IPR023584;IPR036191;
P32712,,IPR013026;IPR011990;IPR019734;
P76502,PF00300;,IPR013078;IPR029033;IPR004449;
P25535,PF01494;,IPR002938;IPR036188;IPR018168;IPR010971;
P15770,PF01488;PF08501;,IPR036291;IPR011342;IPR013708;IPR022893;IPR006151;
P0A9E0,PF02311;PF12833;,IPR003313;IPR009057;IPR037923;IPR018060;IPR018062;IPR020449;
P0A7C2,PF01726;PF00717;,IPR006200;IPR039418;IPR036286;IPR006199;IPR006197;IPR015927;IPR036388;IPR036390;
P09377,PF02311;PF12833;,IPR003313;IPR009057;IPR037923;IPR018060;IPR018062;IPR014710;IPR020449;IPR023609;
P00579,PF04546;PF03979;PF00140;PF04542;PF04539;PF04545;,IPR014284;IPR000943;IPR009042;IPR007627;IPR007624;IPR007630;IPR007631;IPR007127;IPR013325;IPR013324;IPR012760;IPR028630;IPR036388;
P0A8P6,PF02899;PF00589;,IPR011010;IPR013762;IPR002104;IPR010998;IPR004107;IPR011931;IPR023009;
P77396,PF12833;,IPR009057;IPR018060;IPR018062;IPR020449;
P0AAF3,PF00005;,IPR003593;IPR003439;IPR017871;IPR017917;IPR027417;
P0A9Q1,PF00072;PF00486;,IPR011006;IPR001867;IPR016032;IPR001789;IPR039420;IPR036388;
P0A717,PF14572;PF13793;,IPR000842;IPR029099;IPR000836;IPR029057;IPR005946;IPR037515;
P0AEV1,PF00072;,IPR011006;IPR036457;IPR028616;IPR001789;IPR039420;
P24228,PF02113;,IPR012338;IPR000667;
P04391,PF00185;PF02729;,IPR006132;IPR006130;IPR036901;IPR006131;IPR002292;IPR024904;
P07639,PF01761;,IPR016037;IPR030963;IPR030960;
P37309,PF01022;,IPR011991;IPR018334;IPR001845;IPR036388;IPR036390;
P39177,PF00582;,IPR014729;IPR006015;IPR006016;
P0AE30,PF00528;,IPR010065;IPR000515;IPR035906;
P28903,PF03477;PF13597;,IPR005144;IPR019777;IPR001150;IPR012833;
P24242,PF00356;,IPR000843;IPR010982;IPR028082;
P06616,PF07650;PF01926;,IPR030388;IPR005662;IPR006073;IPR015946;IPR004044;IPR009019;IPR027417;IPR005225;
P0ABZ1,PF01706;PF14841;PF14842;,IPR000090;IPR023087;IPR011002;IPR032779;IPR028263;
P39208,PF01202;,IPR027417;IPR031322;IPR006001;
P05523,PF01149;PF06831;PF06827;,IPR015886;IPR015887;IPR020629;IPR012319;IPR035937;IPR010979;IPR000214;IPR010663;
P40191,PF08543;,IPR023479;IPR013749;IPR004625;IPR029056;
P23862,PF07445;,IPR038338;IPR010890;
P39363,PF00359;,IPR016152;IPR002178;
P39220,,
P0A8N0,PF06303;PF17414;,IPR013321;IPR009390;IPR035375;IPR035087;IPR038339;
P76061,,IPR009060;
P00963,PF03590;,IPR006195;IPR004618;
P23721,PF00266;,IPR000192;IPR020578;IPR022278;IPR015424;IPR015422;IPR015421;
P22106,PF00733;PF13537;,IPR006426;IPR001962;IPR033738;IPR017932;IPR029055;IPR014729;
P10443,PF07733;PF14579;PF02811;PF01336;,IPR011708;IPR029460;IPR004365;IPR004013;IPR003141;IPR016195;IPR004805;
P0AFB5,PF02518;PF00512;PF00989;,IPR003594;IPR036890;IPR005467;IPR003661;IPR036097;IPR000014;IPR035965;IPR013767;IPR004358;
P00509,PF00155;,IPR004839;IPR000796;IPR004838;IPR015424;IPR015422;IPR015421;
P03004,PF00308;PF08299;PF11638;,IPR003593;IPR001957;IPR020591;IPR018312;IPR013317;IPR013159;IPR024633;IPR038454;IPR027417;IPR010921;
P09832,PF14691;PF07992;,IPR017896;IPR028261;IPR036188;IPR023753;IPR006006;IPR009051;
P0ADK6,,IPR011989;IPR016024;
P06722,PF02976;,IPR004230;IPR011337;IPR037057;IPR011335;
P0ABB4,PF00006;PF02874;,IPR003593;IPR005722;IPR020003;IPR004100;IPR036121;IPR000194;IPR024034;IPR027417;
P17315,PF07715;PF00593;,IPR039426;IPR012910;IPR037066;IPR000531;IPR010916;IPR036942;IPR010917;
P0AB49,PF10762;,IPR019698;
P67660,PF00126;PF03466;,IPR005119;IPR000847;IPR036388;IPR036390;
P0ABB0,PF00006;PF00306;PF02874;,IPR023366;IPR000793;IPR038376;IPR033732;IPR005294;IPR020003;IPR004100;IPR036121;IPR000194;IPR027417;
P0AB98,PF00119;,IPR000568;IPR023011;IPR035908;
P0A6E6,PF00401;PF02823;,IPR036794;IPR001469;IPR020547;IPR020546;IPR036771;
P0ABA6,PF00231;,IPR035968;IPR000131;IPR023632;
P0AB01,PF02698;,IPR003848;
P68699,PF00137;,IPR005953;IPR000454;IPR020537;IPR038662;IPR002379;IPR035921;
P0ACC1,PF13847;PF17827;,IPR002052;IPR025714;IPR004556;IPR040758;IPR019874;IPR029063;
P69228,PF00072;PF00486;,IPR011006;IPR001867;IPR016032;IPR001789;IPR039420;IPR036388;
P30844,PF02518;PF00512;,IPR003660;IPR003594;IPR036890;IPR005467;IPR003661;IPR036097;IPR004358;
P0ABH7,PF00285;,IPR016142;IPR016143;IPR002020;IPR019810;IPR024176;IPR036969;IPR010953;
P23869,PF00160;,IPR029000;IPR024936;IPR020892;IPR002130;
P23878,PF00005;,IPR003593;IPR003439;IPR017871;IPR027417;
P0A840,PF01975;,IPR030048;IPR002828;IPR036523;
P60785,PF00679;PF00009;PF03144;PF06421;,IPR006297;IPR035647;IPR000640;IPR004161;IPR031157;IPR038363;IPR013842;IPR035654;IPR027417;IPR005225;IPR000795;
P15028,PF01497;,IPR002491;
P69783,PF00358;,IPR011055;IPR001127;
P00452,PF03477;PF02867;PF00317;,IPR005144;IPR013346;IPR000788;IPR013509;IPR008926;IPR039718;
P0AG51,PF00327;,IPR036919;IPR005996;IPR018038;IPR016082;
P0A7M9,PF01197;,IPR034704;IPR002150;IPR027491;
P31063,PF13987;,IPR025596;IPR038624;
P42620,PF13409;,IPR010987;IPR036282;IPR040079;IPR004045;IPR016639;IPR036249;
P32132,PF00679;PF00009;PF03144;,IPR035651;IPR035647;IPR000640;IPR004161;IPR031157;IPR027417;IPR005225;IPR000795;IPR009000;IPR006298;
P0C037,PF06865;,IPR009664;IPR014710;IPR011051;
P0A898,PF02130;,IPR023091;IPR002036;IPR020549;
P27862,PF09186;PF01205;,IPR035647;IPR023582;IPR015796;IPR001498;IPR036956;IPR020568;IPR015269;IPR020569;
P30744,PF03313;PF03315;,IPR029009;IPR004644;IPR005130;IPR005131;
P0ABE2,PF01722;,IPR002634;IPR036065;
P0AC69,PF00462;,IPR002109;IPR033658;IPR014434;IPR004480;IPR036249;
P08312,PF02912;PF01409;,IPR006195;IPR004529;IPR004188;IPR022911;IPR002319;IPR010978;
P06611,PF00005;,IPR003593;IPR003439;IPR017871;IPR023693;IPR027417;
P52095,PF01276;PF03711;PF03709;,IPR005308;IPR011193;IPR000310;IPR008286;IPR036633;IPR015424;IPR015422;IPR015421;
P25737,PF00324;,IPR004841;IPR002293;IPR004840;
P31552,PF00501;PF13193;,IPR025110;IPR020845;IPR000873;IPR023456;
P25516,PF00330;PF00694;,IPR015931;IPR001030;IPR015928;IPR006249;IPR018136;IPR036008;IPR000573;
P0ACJ8,PF00027;PF13545;,IPR018490;IPR018488;IPR000595;IPR012318;IPR014710;IPR018335;IPR036388;IPR036390;
P0A6Z6,PF08753;PF01402;,IPR027271;IPR013321;IPR002145;IPR022988;IPR014160;IPR010985;IPR014864;
P37680,PF00596;,IPR001303;IPR036409;IPR004661;
P76346,PF06167;,IPR024079;IPR010384;
P00968,PF02786;PF02787;PF02142;,IPR011761;IPR006275;IPR005480;IPR036897;IPR005479;IPR005483;IPR011607;IPR036914;IPR033937;IPR016185;
P22523,PF04310;PF16330;,IPR012090;IPR032520;IPR007406;IPR027417;
P21507,PF00270;PF00271;,IPR011545;IPR028621;IPR014001;IPR001650;IPR027417;IPR000629;IPR014014;
P77704,PF01116;,IPR013785;IPR000771;
P0A6M4,PF02580;,IPR003732;IPR023509;
P0AE52,PF00578;,IPR000866;IPR024706;IPR036249;IPR013766;
P0ACN7,PF00356;,IPR000843;IPR010982;IPR028082;
P52060,PF02594;,IPR005228;IPR003746;IPR036591;
P32162,PF04175;,IPR005272;IPR035571;
P0AF40,PF07226;,IPR009867;
P32700,PF15940;,IPR016958;
P0ABM1,PF01578;,IPR002541;IPR003557;
P0ABM5,PF04995;,IPR007078;
P69490,PF03100;,IPR004329;IPR036127;
P33927,PF16327;PF01578;,IPR032523;IPR002541;IPR003567;IPR003568;
P0ABM9,PF03918;,IPR005616;IPR038297;IPR013026;IPR011990;IPR019734;
P36655,PF11412;PF02683;,IPR003834;IPR035671;IPR028250;IPR036929;IPR022910;IPR036249;IPR017937;IPR013766;
P0AEJ8,PF03319;,IPR004992;IPR036677;
P0ABF6,PF00383;PF08211;,IPR016192;IPR002125;IPR013171;IPR006263;IPR016193;IPR020797;
Q47149,PF15738;,IPR007712;IPR035093;IPR004386;
P37024,PF00270;PF04408;PF00271;PF08482;,IPR011545;IPR007502;IPR014001;IPR001650;IPR010225;IPR027417;IPR013689;
P17410,PF07883;PF12833;,IPR013096;IPR009057;IPR018060;IPR018062;IPR014710;IPR011051;IPR020449;
P09378,PF02311;PF12833;,IPR003313;IPR009057;IPR018060;IPR018062;IPR014710;IPR011051;IPR023699;IPR020449;
P0A9H9,PF04344;,IPR007439;
P09394,PF03009;,IPR030395;IPR017946;
P0A817,PF02773;PF02772;PF00438;,IPR022631;IPR022630;IPR022629;IPR022628;IPR002133;IPR022636;
P16659,PF03129;PF00587;PF04073;,IPR002314;IPR006195;IPR004154;IPR036621;IPR002316;IPR004500;IPR023717;IPR033730;IPR036754;IPR007214;
P07363,PF01584;PF09078;PF02895;PF02518;PF01627;,IPR004105;IPR037006;IPR002545;IPR036061;IPR015162;IPR035891;IPR003594;IPR036890;IPR005467;IPR036097;IPR036641;IPR004358;IPR008207;
P07017,PF00672;PF00015;PF02203;,IPR035440;IPR004090;IPR004091;IPR003660;IPR004089;IPR003122;
P0AG07,PF00834;,IPR013785;IPR026019;IPR000056;IPR011060;
P02942,PF00672;PF00015;PF02203;,IPR035440;IPR004090;IPR004091;IPR003660;IPR004089;IPR003122;
P76116,,IPR011048;IPR015943;
P75937,PF07559;PF00460;PF06429;,IPR011491;IPR037058;IPR001444;IPR019776;IPR020013;IPR010930;IPR037925;
P06974,PF02154;PF01052;,IPR028976;IPR001689;IPR001543;IPR036429;
P0AES4,PF03989;PF00521;,IPR005743;IPR006691;IPR035516;IPR013760;IPR002205;IPR013758;IPR013757;
P0ABA4,PF00213;,IPR026015;IPR020781;IPR000711;
P0AE70,PF02452;,IPR003477;IPR011067;
P0A9M8,PF07085;PF01515;,IPR010766;IPR016475;IPR027417;IPR004614;IPR002505;IPR028979;
P76481,PF12034;PF00092;PF12450;,IPR021908;IPR022156;IPR002035;IPR036465;
P0A8D3,PF02639;,IPR003791;
P17952,PF01225;PF02875;PF08245;,IPR036565;IPR004101;IPR036615;IPR013221;IPR000713;IPR005758;
P0AEC5,PF09984;PF00672;PF02518;PF00512;PF01627;PF00072;,IPR011006;IPR003660;IPR003594;IPR036890;IPR005467;IPR003661;IPR036097;IPR019247;IPR036641;IPR004358;IPR008207;IPR001789;
P0A8Q6,PF02617;,IPR022935;IPR003769;IPR014719;
P0ABH9,PF00004;PF07724;PF02861;PF10431;,IPR003593;IPR003959;IPR019489;IPR004176;IPR036628;IPR013461;IPR001270;IPR018368;IPR028299;IPR027417;
P0A6G7,PF00574;,IPR001907;IPR029045;IPR023562;IPR033135;IPR018215;
P0ABT2,PF00210;,IPR002177;IPR023188;IPR023067;IPR012347;IPR009078;IPR008331;
P0ADX7,PF10956;,IPR020158;
P0A6H1,PF07724;PF10431;PF06689;,IPR003593;IPR003959;IPR019489;IPR004487;IPR027417;IPR010603;IPR038366;
P13445,PF00140;PF04542;PF04539;PF04545;,IPR014284;IPR000943;IPR009042;IPR007627;IPR007624;IPR007630;IPR013325;IPR013324;IPR012761;IPR036388;
P0A698,PF00005;,IPR003439;IPR017871;IPR027417;IPR004602;
P0AA04,PF00381;,IPR000032;IPR035895;IPR001020;IPR002114;
P75960,PF02146;,IPR029035;IPR003000;IPR026591;IPR027546;IPR026590;
P75869,PF04994;PF04993;,IPR007077;IPR007076;IPR026256;
P77376,PF01408;PF02894;,IPR036291;IPR000683;IPR004104;
P25524,PF07969;,IPR013108;IPR011059;IPR032466;
P31443,,IPR013785;
P0AE88,PF00072;PF00486;,IPR011006;IPR001867;IPR001789;IPR039420;IPR036388;
P00861,PF02784;PF00278;,IPR009006;IPR002986;IPR022643;IPR022657;IPR022644;IPR022653;IPR000183;IPR029066;
P39212,PF01527;,IPR009057;IPR002514;
P08368,PF00072;PF00486;,IPR011006;IPR001867;IPR016032;IPR001789;IPR039420;IPR036388;
P08401,PF00672;PF02518;PF00512;,IPR003660;IPR003594;IPR036890;IPR005467;IPR003661;IPR036097;IPR029151;IPR004358;
P24193,PF00586;PF02769;,IPR011854;IPR010918;IPR036676;IPR016188;IPR036921;
P0AGI4,PF02653;,IPR001851;
P0AAF6,PF00005;,IPR003593;IPR030679;IPR003439;IPR017871;IPR027417;
P00936,PF12633;PF01295;,IPR000274;IPR024686;IPR024685;
P0C960,PF01464;,IPR023946;IPR023346;IPR000189;IPR008258;
B7UQ77,PF01464;,IPR023946;IPR023346;IPR000189;IPR008258;
P19925,PF01648;,IPR008278;IPR037143;IPR003542;
P37661,PF08019;PF00884;,IPR017849;IPR017850;IPR012549;IPR040423;IPR000917;
P0A9F6,PF00126;PF03466;,IPR005119;IPR000847;IPR036388;IPR036390;
P0ACG8,PF01479;,IPR025708;IPR002942;IPR036986;
P71229,PF01590;PF00158;,IPR003593;IPR003018;IPR029016;IPR009057;IPR027417;IPR002078;IPR025662;IPR025943;IPR025944;
P03030,PF00126;PF03466;,IPR037414;IPR005119;IPR000847;IPR036388;IPR036390;
P41052,PF13406;,IPR023346;IPR011757;IPR031304;
P0AF10,PF05068;,IPR007761;IPR038026;
P56258,PF07429;,IPR009993;
P0A8R0,PF03737;,IPR010203;IPR005493;IPR036704;IPR014339;
P77444,PF00266;,IPR000192;IPR020578;IPR010970;IPR015424;IPR015422;IPR015421;
P76569,PF03960;,IPR006659;IPR006660;IPR036249;
P52062,PF06969;PF04055;,IPR034505;IPR006638;IPR004559;IPR010723;IPR007197;IPR023404;
P28722,PF00345;,IPR013783;IPR008962;IPR036316;IPR016147;
P0AF34,PF05656;,IPR008523;
Q46925,PF00266;,IPR000192;IPR020578;IPR022471;IPR015424;IPR015422;IPR015421;
P15877,PF01011;,IPR018391;IPR017511;IPR002372;IPR011047;IPR001479;
P21513,PF12111;PF10150;PF00575;,IPR012340;IPR021968;IPR019307;IPR028878;IPR004659;IPR022967;IPR003029;
P52106,PF00196;,IPR016032;IPR000792;IPR036388;
P20083,PF00204;PF00986;PF02518;PF01751;,IPR002288;IPR003594;IPR036890;IPR020568;IPR014721;IPR001241;IPR013760;IPR013759;IPR013506;IPR018522;IPR005737;IPR006171;
P0A9Y6,PF00313;,IPR019844;IPR012156;IPR011129;IPR002059;IPR012340;
P0A7L0,PF00687;,IPR005878;IPR002143;IPR023674;IPR028364;IPR016095;IPR023673;
P63228,,IPR036412;IPR006549;IPR023214;IPR004446;IPR006543;
P75749,PF02753;PF00345;,IPR013783;IPR008962;IPR036316;IPR001829;IPR016148;IPR018046;IPR016147;
P0C018,PF00861;,IPR005484;IPR004389;
P77214,PF11604;,IPR021647;
P77239,PF00529;PF16576;,IPR032317;IPR006143;
P0ACZ8,PF00072;PF00486;,IPR011006;IPR001867;IPR006291;IPR016032;IPR001789;IPR039420;IPR036388;
P76340,PF00072;PF00486;,IPR011006;IPR001867;IPR006291;IPR016032;IPR001789;IPR039420;IPR036388;
P77549,PF07690;,IPR011701;IPR020846;IPR036259;IPR037541;
P52614,PF02120;,IPR001635;IPR021136;IPR038610;
P25539,PF00383;PF01872;,IPR016192;IPR002125;IPR016193;IPR024072;IPR004794;IPR011549;IPR002734;
P76097,PF07063;,IPR009770;
P26459,PF01654;,IPR002585;
P07004,PF00171;,IPR016161;IPR016163;IPR016162;IPR015590;IPR020593;IPR012134;IPR000965;
P0A9F3,PF00126;PF03466;,IPR005119;IPR000847;IPR036388;IPR036390;
P76035,,IPR029032;
P0DM85,PF00350;,IPR022812;IPR030381;IPR027417;
P0DM86,PF00350;,IPR022812;IPR030381;IPR027417;
P23845,PF00009;,IPR031157;IPR027417;IPR005225;IPR011779;IPR000795;IPR009000;IPR009001;
P75863,PF00111;PF03473;PF03476;,IPR036010;IPR001041;IPR006058;IPR012675;IPR005302;IPR005303;IPR011037;
P38038,PF00667;PF00258;PF00175;,IPR010199;IPR003097;IPR029758;IPR017927;IPR001094;IPR008254;IPR001709;IPR029039;IPR039261;IPR023173;IPR001433;IPR017938;
P0A9D4,PF00132;PF06426;,IPR001451;IPR018357;IPR010493;IPR005881;IPR011004;
P77808,PF00994;,IPR036653;IPR008135;IPR036425;IPR001453;
P0A940,PF01103;PF07244;,IPR000184;IPR010827;IPR039910;IPR023707;IPR034746;
P0A6L2,PF00701;,IPR013785;IPR005263;IPR002220;IPR020625;IPR020624;
P09127,PF04375;,IPR007470;
P0A6F9,PF00166;,IPR020818;IPR037124;IPR018369;IPR011032;
P69432,PF13994;,IPR023829;
P0AEE1,PF08786;,IPR014894;IPR016123;
P0AFH8,PF04972;,IPR007055;IPR014004;
P75849,PF00753;,IPR001279;IPR036866;
P0AEC8,PF02518;PF00989;PF17203;PF14689;,IPR003594;IPR036890;IPR005467;IPR000014;IPR035965;IPR013767;IPR033463;IPR029151;IPR004358;IPR016120;IPR039506;
P0AC41,PF00890;PF02910;,IPR003953;IPR036188;IPR003952;IPR037099;IPR015939;IPR027477;IPR011281;IPR014006;
P0A9P6,PF03880;PF00270;PF12343;PF00271;,IPR021046;IPR034415;IPR005580;IPR011545;IPR028618;IPR014001;IPR001650;IPR012677;IPR027417;IPR000629;IPR014014;
P0A9S1,PF00465;,IPR001670;IPR018211;IPR039697;IPR013460;
P60723,PF00573;,IPR002136;IPR023574;IPR013005;
P0AFX7,PF03873;PF03872;,IPR005573;IPR005572;IPR036147;IPR026279;
P31460,PF07729;PF00392;,IPR011711;IPR008920;IPR000524;IPR036388;IPR036390;
P69786,PF00367;PF02378;,IPR036878;IPR018113;IPR003352;IPR013013;IPR001996;IPR011299;IPR004719;
P77475,,IPR010976;IPR036412;IPR006439;IPR023214;IPR023198;
P16700,,IPR000957;IPR034408;IPR005669;
P76558,PF00390;PF03949;PF01515;,IPR015884;IPR012301;IPR037062;IPR012302;IPR012188;IPR036291;IPR002505;
P00550,PF00359;PF02378;PF02302;,IPR016152;IPR002178;IPR036095;IPR013011;IPR003501;IPR029503;IPR003352;IPR013014;IPR004718;
P26266,PF02706;,IPR003856;
P60560,PF00478;,IPR013785;IPR005993;IPR015875;IPR001093;
P76015,PF02733;,IPR012736;IPR004006;
P0ABQ4,PF00186;,IPR012259;IPR024072;IPR017925;IPR001796;
P18196,PF03775;PF05209;,IPR016098;IPR013033;IPR036145;IPR007874;IPR038061;IPR005526;
P0AGG0,PF00586;PF02769;,IPR010918;IPR036676;IPR016188;IPR036921;IPR006283;
P0A7G6,PF00154;,IPR003593;IPR013765;IPR020584;IPR027417;IPR020588;IPR023400;IPR020587;
Q47150,PF04221;,IPR013321;IPR026262;IPR007337;
P0AEG6,PF10411;PF13098;,IPR033954;IPR018950;IPR009094;IPR012336;IPR036249;IPR017937;IPR013766;
P0A6W5,PF01272;PF03449;,IPR036953;IPR018151;IPR006359;IPR028624;IPR001437;IPR023459;IPR022691;IPR036805;
P69853,PF02613;,IPR026269;IPR028611;IPR020945;IPR036411;
P0ACS2,PF00376;PF09278;,IPR009061;IPR000551;IPR010211;IPR015358;
P33225,PF00384;PF01568;,IPR009010;IPR006658;IPR006657;IPR006656;IPR006655;IPR006311;IPR011887;
P77374,PF04879;PF00384;PF01568;,IPR011888;IPR009010;IPR006657;IPR006656;IPR006963;IPR006655;IPR006311;
P77783,PF04879;PF00384;PF01568;,IPR011888;IPR009010;IPR006657;IPR006656;IPR006963;IPR006655;IPR027467;IPR006311;
P0A9Q7,PF00171;PF00465;,IPR034789;IPR001670;IPR018211;IPR039697;IPR016161;IPR016163;IPR016162;IPR015590;IPR012079;
P06961,PF01966;PF01743;PF12627;,IPR012006;IPR003607;IPR006674;IPR002646;IPR032828;
P0A988,PF00712;PF02767;PF02768;,IPR001001;IPR022635;IPR022637;IPR022634;
P06710,PF12169;PF12168;PF12170;,IPR003593;IPR001270;IPR008921;IPR022001;IPR022754;IPR012763;IPR021029;IPR027417;IPR038249;
P69931,PF00308;,IPR020591;IPR013317;IPR017788;IPR022864;IPR027417;
P0ACF0,PF00216;,IPR000119;IPR020816;IPR010992;
P0A8V2,PF04563;PF04561;PF04565;PF10385;PF00562;PF04560;,IPR019462;IPR015712;IPR007120;IPR037033;IPR010243;IPR007121;IPR007644;IPR007642;IPR037034;IPR007645;IPR007641;IPR014724;
P0ABS5,PF10410;PF08278;PF08275;PF01807;,IPR016136;IPR013264;IPR037068;IPR019475;IPR006295;IPR013173;IPR036977;IPR030846;IPR034151;IPR006171;IPR002694;
P0A6P1,PF00889;,IPR036402;IPR001816;IPR014039;IPR018101;IPR009060;
P30855,PF02518;PF00512;PF01627;PF00072;PF00497;,IPR011006;IPR003594;IPR036890;IPR005467;IPR003661;IPR036097;IPR036641;IPR004358;IPR008207;IPR001789;IPR001638;
P28905,PF04364;,IPR007459;IPR036768;
P28632,PF03603;,IPR004615;IPR036654;IPR018382;
P77806,PF00155;,IPR004839;IPR015424;IPR015422;IPR015421;
P00960,PF02091;,IPR006194;IPR002310;
P09372,PF01025;,IPR000740;IPR013805;IPR009012;
P04951,PF02348;,IPR003329;IPR004528;IPR029044;
P09152,PF00384;PF01568;PF14710;,IPR009010;IPR037943;IPR006657;IPR006656;IPR006963;IPR006655;IPR027467;IPR006468;IPR028189;
P21893,PF01368;PF02272;,IPR001667;IPR038763;IPR003156;IPR004610;
P14081,PF00009;PF03144;PF09106;PF09107;,IPR004161;IPR015190;IPR015191;IPR031157;IPR027417;IPR000795;IPR009000;IPR009001;IPR004535;IPR036388;IPR036390;
P0AAI5,PF00109;PF02801;,IPR017568;IPR018201;IPR014031;IPR014030;IPR020841;IPR016039;
P12282,PF00899;,IPR012730;IPR000594;IPR035985;
P23367,PF01119;PF08676;,IPR014762;IPR020667;IPR002099;IPR013507;IPR003594;IPR036890;IPR038973;IPR014790;IPR037198;IPR020568;IPR014721;
P23909,PF01624;PF05188;PF05192;PF05190;PF00488;,IPR005748;IPR007695;IPR017261;IPR000432;IPR007861;IPR007696;IPR016151;IPR036187;IPR007860;IPR036678;IPR027417;
P03007,PF00929;,IPR006054;IPR006309;IPR013520;IPR012337;IPR036397;
P0ABS8,PF06440;,IPR009052;IPR036745;
P20605,PF02661;,IPR003812;IPR036597;
P0ACD4,PF01592;,IPR011339;IPR002871;
P0A9P4,PF07992;,IPR036188;IPR023753;IPR008255;IPR000103;IPR005982;
P02931,PF00267;,IPR033900;IPR023614;IPR001897;IPR001702;IPR013793;
P09424,PF01232;PF08125;,IPR008927;IPR013328;IPR023028;IPR000669;IPR013118;IPR023027;IPR013131;IPR036291;
P0A968,PF00313;,IPR019844;IPR012156;IPR011129;IPR002059;IPR012751;IPR012340;
P77308,PF00528;,IPR000515;IPR035906;
P22634,PF01177;,IPR015942;IPR001920;IPR018187;IPR033134;IPR004391;
P0AD17,PF06930;,IPR009698;
P0AEG4,PF01323;,IPR001853;IPR023205;IPR036249;IPR017937;IPR013766;
P0A6M2,PF02600;,IPR003752;IPR022920;IPR023380;
P25906,PF00248;,IPR023210;IPR036812;
P75938,PF00460;PF06429;,IPR001444;IPR019776;IPR020013;IPR010930;IPR037925;
P37590,,IPR038679;IPR020146;
P32053,PF13356;PF00589;,IPR011010;IPR013762;IPR002104;IPR038488;IPR025166;IPR010998;
P24230,PF00270;PF00271;PF17191;,IPR004609;IPR011545;IPR014001;IPR001650;IPR012340;IPR027417;IPR033454;
P76069,,
P39336,,
P76114,PF07729;PF00392;,IPR011711;IPR008920;IPR000524;IPR036388;IPR036390;
P06864,PF02929;PF16353;PF00703;PF02836;PF02837;,IPR004199;IPR036156;IPR011013;IPR008979;IPR014718;IPR006101;IPR023232;IPR006103;IPR023230;IPR006102;IPR006104;IPR017853;IPR013783;IPR032312;
P0A955,PF01081;,IPR000887;IPR013785;IPR031337;IPR031338;
P0A8B2,PF01713;,IPR002625;IPR036063;IPR022990;
P0AEY3,PF03819;,IPR004518;IPR011551;
P27303,PF00529;PF16576;,IPR005694;IPR032317;IPR006143;
P0ADI4,PF00857;PF00550;,IPR036736;IPR016291;IPR000868;IPR036380;IPR009081;
P0A8Y8,PF03061;,IPR029069;IPR003736;IPR026576;IPR006683;
P33371,PF01207;,IPR013785;IPR035587;IPR032886;IPR001269;IPR018517;
P0A8T1,,IPR004498;IPR029063;
P0AA16,PF00072;PF00486;,IPR011006;IPR001867;IPR016032;IPR001789;IPR039420;IPR036388;
P77173,PF04354;,IPR011919;IPR007449;IPR036765;
P19636,PF05985;,IPR009246;
P39286,PF03193;,IPR030378;IPR027417;IPR004881;IPR010914;
P39265,PF13407;,IPR028082;IPR025997;
P0AEF4,PF12431;PF00072;,IPR011006;IPR024187;IPR001789;IPR028141;
P0ABU5,,IPR029062;IPR026041;
P76551,PF06277;,IPR009377;
P0AEP9,PF02913;PF01565;,IPR016166;IPR036318;IPR016164;IPR004113;IPR004490;IPR006094;IPR016171;
P75825,PF03063;,IPR004137;IPR010048;IPR016099;IPR011254;IPR016100;
P23871,PF00762;,IPR001015;IPR019772;IPR033644;IPR033659;
P30749,PF02391;,IPR036563;IPR003448;
P0A8F8,PF00271;PF04851;PF02151;PF12344;,IPR006935;IPR014001;IPR001650;IPR027417;IPR001943;IPR036876;IPR004807;IPR024759;
P0AAY6,PF10722;,IPR019660;
P0AB33,PF13991;,IPR025730;
P76275,PF07358;,IPR009954;
P24178,PF03960;,IPR006660;IPR036249;IPR006504;
P76555,PF06249;,IPR010424;IPR014710;IPR011051;
P0A9J8,PF01817;PF00800;,IPR002912;IPR008242;IPR036263;IPR036979;IPR002701;IPR010952;IPR001086;IPR018528;
P77609,PF14282;,IPR025577;
P61889,PF02866;PF00056;,IPR001557;IPR022383;IPR001236;IPR015955;IPR001252;IPR010097;IPR023958;IPR036291;
P0ABU7,PF01618;,IPR002898;IPR014164;
P33602,PF04879;PF00384;PF01568;PF10588;,IPR036010;IPR001041;IPR009010;IPR006657;IPR006656;IPR006963;IPR000283;IPR010228;IPR019574;
P0ABV2,PF02472;,IPR003400;IPR014170;
P69789,PF00367;,IPR036878;IPR018113;IPR001996;
P41443,PF12019;PF07963;,IPR012902;IPR022346;IPR002416;
P0A6A8,PF00550;,IPR036736;IPR003231;IPR009081;IPR006162;
P0AF90,PF06877;,IPR016716;IPR036701;IPR009671;
P0A8V6,PF07840;PF00392;,IPR014178;IPR028374;IPR008920;IPR000524;IPR036388;IPR036390;
P08373,PF01565;PF02873;,IPR016166;IPR036318;IPR016167;IPR016169;IPR003170;IPR011601;IPR036635;IPR006094;
P11349,PF13247;PF14711;,IPR017896;IPR029263;IPR038262;IPR006547;
P19317,PF02613;,IPR020945;IPR003765;IPR036411;
P10384,PF03349;,IPR005017;
P0AB71,PF01116;,IPR013785;IPR000771;IPR006411;
P24183,PF04879;PF00384;PF01568;,IPR009010;IPR006443;IPR006657;IPR006656;IPR006963;IPR006655;IPR027467;IPR006311;
P32176,PF04879;PF00384;PF01568;,IPR009010;IPR006443;IPR006657;IPR006656;IPR006963;IPR006655;IPR027467;IPR006311;
P0AAJ3,PF13247;PF12800;PF09163;,IPR017896;IPR017900;IPR006470;IPR038384;IPR014603;IPR015246;
P12758,PF01048;,IPR018016;IPR000845;IPR035994;IPR010058;
P0AAC8,PF01521;,IPR000361;IPR016092;IPR017870;IPR035903;IPR011302;
P23485,PF16220;PF04773;,IPR006860;IPR032623;IPR012373;
P0A8T7,PF04997;PF00623;PF04983;PF05000;PF04998;,IPR012754;IPR000722;IPR006592;IPR007080;IPR007066;IPR007083;IPR007081;IPR038120;
P23484,PF04542;PF08281;,IPR039425;IPR014284;IPR000838;IPR007627;IPR013249;IPR013325;IPR013324;IPR036388;
P63389,PF00005;PF12848;,IPR003593;IPR032781;IPR003439;IPR017871;IPR027417;
P33650,PF07664;PF02421;PF07670;,IPR003373;IPR011640;IPR030389;IPR011642;IPR027417;
P05825,PF07715;PF00593;,IPR039426;IPR012910;IPR037066;IPR000531;IPR010916;IPR036942;IPR010917;IPR010105;
P10121,PF00448;PF02881;,IPR003593;IPR027417;IPR013822;IPR004390;IPR036225;IPR000897;
P0A6M8,PF00679;PF03764;PF00009;PF03144;,IPR009022;IPR035647;IPR035649;IPR000640;IPR004161;IPR031157;IPR027417;IPR020568;IPR014721;IPR005225;IPR000795;IPR009000;IPR004540;IPR005517;
P0A744,PF01625;,IPR002569;IPR036509;
P19323,PF01590;PF02954;PF00158;,IPR003593;IPR003018;IPR029016;IPR009057;IPR002197;IPR027417;IPR002078;IPR025662;IPR025944;
P75957,PF00005;,IPR003593;IPR003439;IPR017871;IPR015854;IPR011924;IPR027417;
P0A9I1,PF03328;,IPR005000;IPR011206;IPR006475;IPR015813;IPR040442;
P60664,PF00977;,IPR013785;IPR006062;IPR004651;IPR011060;
P0ACF4,PF00216;,IPR000119;IPR020816;IPR010992;
P0ACL9,PF07729;PF00392;,IPR011711;IPR008920;IPR000524;IPR036388;IPR036390;
P0AA25,PF00085;,IPR005746;IPR036249;IPR017937;IPR013766;
Q47274,PF06530;,IPR010534;
P0ACM9,PF00392;PF07702;,IPR028978;IPR000524;IPR011663;IPR036388;IPR036390;
P31697,PF02753;PF00345;,IPR013783;IPR008962;IPR036316;IPR001829;IPR016148;IPR018046;IPR016147;
P08191,PF00419;PF09160;,IPR000259;IPR036937;IPR008966;IPR015243;
P08189,PF00419;,IPR000259;IPR036937;IPR008966;
P08839,PF05524;PF00391;PF02896;,IPR008279;IPR018274;IPR000121;IPR023151;IPR036637;IPR024692;IPR006318;IPR008731;IPR036618;IPR015813;IPR040442;
P0A7Z4,PF01000;PF03118;PF01193;,IPR011262;IPR011263;IPR011773;IPR036603;IPR011260;IPR036643;
P64503,PF07351;,IPR009950;
P64599,PF02036;,IPR039543;IPR003033;IPR036527;IPR016830;
P31574,PF01012;PF00766;,IPR029035;IPR014730;IPR001308;IPR014731;IPR018206;IPR023461;IPR014729;
P0A9U1,PF00005;,IPR003593;IPR003439;IPR017871;IPR027417;
P00888,PF00793;,IPR013785;IPR006218;IPR006219;
P0AEW4,PF00149;,IPR004843;IPR026575;IPR013622;IPR029052;
P11454,PF00501;PF13193;PF00668;PF00550;PF00975;,IPR010071;IPR029058;IPR036736;IPR025110;IPR020845;IPR000873;IPR023213;IPR001242;IPR020806;IPR020802;IPR009081;IPR006162;IPR001031;
P09147,PF16363;,IPR016040;IPR036291;IPR005886;
P0A6T3,PF10509;PF08544;PF00288;,IPR000705;IPR022963;IPR019741;IPR019539;IPR013750;IPR036554;IPR006204;IPR006203;IPR006206;IPR020568;IPR014721;
P77650,PF07992;PF14759;,IPR036188;IPR023753;IPR016156;IPR023744;IPR028202;
P30147,PF01261;,IPR017643;IPR026040;IPR036237;IPR013022;
P75680,,IPR038965;
P0ABR9,PF02900;,IPR023789;IPR004183;
P77580,PF09290;PF01118;,IPR003361;IPR015426;IPR036291;IPR000534;
Q47690,PF02574;,IPR017226;IPR003726;IPR036589;
P19624,PF04166;,IPR037510;IPR005255;
P03014,PF02796;PF00239;,IPR009057;IPR006118;IPR006119;IPR036162;IPR006120;
P00934,PF00291;PF14821;,IPR001926;IPR000634;IPR029144;IPR037158;IPR004450;IPR036052;
P00909,PF00218;PF00697;,IPR013785;IPR013798;IPR001468;IPR001240;IPR011060;
P07649,PF01416;,IPR020103;IPR001406;IPR020097;IPR020095;
P0ACT6,PF00440;,IPR023772;IPR009057;IPR001647;IPR036271;IPR039419;
P12295,PF03167;,IPR002043;IPR018085;IPR005122;IPR036895;
P45579,PF00465;,IPR001670;IPR018211;IPR016205;
P64455,PF10735;,IPR019671;
P77649,PF02696;,IPR003846;
P46144,PF01966;,IPR003607;IPR006674;
P77398,PF01370;PF02911;PF00551;,IPR021168;IPR001509;IPR005793;IPR002376;IPR036477;IPR011034;IPR036291;
P67080,PF01168;,IPR001608;IPR029066;IPR011078;
P68567,PF04445;,IPR007536;IPR029063;
P0ACA1,PF00043;PF13417;,IPR010987;IPR036282;IPR004045;IPR004046;IPR036249;IPR034343;
P0AF82,PF07338;,IPR025543;IPR010854;IPR036275;
P0AEB5,PF00924;,IPR010920;IPR011066;IPR006685;IPR006686;IPR011014;IPR023408;
P0A9L3,PF00254;PF01346;,IPR001179;IPR000774;IPR036944;
P10378,PF00501;PF13193;,IPR025110;IPR020845;IPR000873;IPR011963;
P76440,PF14691;PF07992;,IPR028261;IPR036188;IPR023753;IPR009051;
P28861,PF00970;PF00175;,IPR008333;IPR017927;IPR033892;IPR039261;IPR001433;IPR017938;
P07364,PF01739;PF03705;,IPR026024;IPR022642;IPR000780;IPR022641;IPR036804;IPR029063;
P75936,PF03963;PF13860;PF13861;,IPR005648;IPR025965;IPR025963;
P0AEM6,PF04542;PF04539;PF04545;,IPR014284;IPR000943;IPR007627;IPR007624;IPR007630;IPR012845;IPR013325;IPR013324;IPR028617;
P0A6S0,PF02107;,IPR000527;
P22186,PF02381;,IPR003444;IPR035644;IPR020603;IPR035642;IPR038619;IPR007159;IPR037914;
P0A964,PF01584;,IPR002545;IPR036061;IPR039315;
P33235,PF00460;PF06429;,IPR001444;IPR010930;IPR002371;
P52612,PF00006;PF18269;,IPR003593;IPR020003;IPR000194;IPR032463;IPR005714;IPR020005;IPR027417;IPR040627;
P0A850,PF00254;PF05698;PF05697;,IPR001179;IPR005215;IPR008880;IPR037041;IPR008881;IPR036611;IPR027304;
P75942,PF01832;PF10135;,IPR019301;IPR013377;IPR002901;
P0AGB6,PF04542;PF08281;,IPR039425;IPR014284;IPR000838;IPR007627;IPR013249;IPR014286;IPR013325;IPR013324;IPR036388;
P43533,PF05130;,IPR007809;IPR036679;
P24216,PF07195;PF02465;,IPR040026;IPR010809;IPR003481;
P69924,PF00268;,IPR009078;IPR012348;IPR033909;IPR030475;IPR000358;
P39280,PF04055;,IPR013785;IPR022462;IPR003739;IPR007197;
P0ABX5,PF00460;PF06429;,IPR001444;IPR019776;IPR020013;IPR010930;IPR037925;IPR012834;
P0A8S9,PF05247;,IPR023559;IPR036194;
P52647,PF10371;PF17147;PF01558;PF01855;PF02775;,IPR017896;IPR017900;IPR033412;IPR037112;IPR019456;IPR019752;IPR002880;IPR011895;IPR002869;IPR029061;IPR011766;IPR009014;
P0AEM4,PF04316;,IPR035890;IPR007412;IPR031316;
P21179,PF00199;PF06628;,IPR018028;IPR024708;IPR024712;IPR011614;IPR037060;IPR002226;IPR010582;IPR020835;IPR029062;
P0AB74,PF01116;,IPR013785;IPR000771;IPR023788;IPR011288;
P0A6S3,PF02119;,IPR001782;
P76299,PF01312;,IPR006136;IPR006135;IPR029025;
P25798,PF01514;PF08345;,IPR013556;IPR000067;IPR006182;
P76559,PF06674;,IPR009560;
P15070,PF01052;PF16973;,IPR012826;IPR031576;IPR001172;IPR001543;IPR036429;
P0ABX8,PF03748;,IPR005503;
P33135,PF01311;,IPR006303;IPR002010;
P0ABY2,PF05400;,IPR008622;
P52613,PF02050;,IPR018006;IPR012823;
P39180,PF16168;PF03797;PF13018;,IPR030930;IPR005546;IPR036709;IPR024973;IPR012332;IPR011050;
P0A9D8,PF00132;PF14602;PF14805;,IPR005664;IPR001451;IPR018357;IPR023180;IPR037133;IPR011004;
P69222,PF01176;,IPR012340;IPR006196;IPR022967;IPR004368;
P22939,PF00348;,IPR008949;IPR000092;IPR033749;
P10441,PF02684;,IPR003835;
P0A912,PF00691;,IPR006664;IPR006665;IPR006690;IPR036737;IPR039001;IPR014169;
P0A7E9,PF00696;,IPR036393;IPR001048;IPR011817;IPR015963;
P23882,PF02911;PF00551;,IPR005794;IPR005793;IPR037022;IPR002376;IPR036477;IPR011034;IPR001555;
P0ACJ0,PF01037;,IPR011991;IPR000485;IPR011008;IPR019888;IPR019887;IPR019885;IPR036388;IPR036390;
P0A9R4,PF00111;,IPR036010;IPR001041;IPR001055;IPR018298;IPR012675;IPR011536;
P61949,PF00258;,IPR008254;IPR001226;IPR010086;IPR029039;
P00363,PF00890;PF02910;,IPR003953;IPR036188;IPR003952;IPR037099;IPR015939;IPR005884;IPR027477;IPR014006;
P08337,PF00293;,IPR003561;IPR020476;IPR015797;IPR020084;IPR000086;
P45543,PF00294;,IPR002173;IPR011611;IPR029056;
P25437,PF08240;PF00107;,IPR014183;IPR013149;IPR013154;IPR002328;IPR011032;IPR036291;IPR020843;
P15047,,IPR003560;IPR036291;IPR020904;IPR002347;
P37188,PF02302;,IPR036095;IPR013011;IPR003501;
P0A9I3,PF01842;,IPR002912;IPR016867;
P0AC81,PF00903;,IPR029068;IPR004360;IPR004361;IPR018146;IPR037523;
P77161,PF14833;PF03446;,IPR002204;IPR008927;IPR013328;IPR006115;IPR015815;IPR036291;IPR029154;IPR006398;
P64461,PF03992;,IPR007138;IPR011008;IPR033672;
P0A763,PF00334;,IPR034907;IPR036850;IPR001564;IPR023005;
P0C0L2,PF02566;,IPR015946;IPR003718;IPR036102;IPR019904;
P04983,PF00005;,IPR003593;IPR003439;IPR017871;IPR015861;IPR027417;
P0A7J7,PF00298;PF03946;,IPR000911;IPR036796;IPR006519;IPR020783;IPR036769;IPR020785;IPR020784;
P0A9A2,PF00210;,IPR001519;IPR012347;IPR009040;IPR009078;IPR008331;
P76364,PF06154;,IPR009320;IPR038025;
P64526,,
P0AD49,PF02482;,IPR036567;IPR003489;
P75958,PF02687;PF12704;,IPR003838;IPR011926;IPR011925;IPR025857;
P69811,PF00381;PF00359;,IPR000032;IPR035895;IPR016152;IPR002178;IPR001020;IPR002114;
P0ACP1,PF00356;PF00532;,IPR012781;IPR000843;IPR010982;IPR001761;IPR028082;
P0A7B1,PF02503;PF13090;PF13089;,IPR001736;IPR003414;IPR024953;IPR036830;IPR025200;IPR025198;IPR036832;
P32677,PF12833;,IPR009057;IPR018060;IPR018062;IPR020449;
P0ABH0,PF02491;,IPR020823;IPR003494;
P0AD68,PF03717;PF00905;,IPR012338;IPR037532;IPR005311;IPR036138;IPR001460;
P29131,PF05036;,IPR011930;IPR007730;IPR036680;
P06136,PF03799;PF08478;,IPR005548;IPR026579;IPR034746;IPR013685;
P0A9A6,PF12327;PF00091;,IPR000158;IPR020805;IPR024757;IPR008280;IPR018316;IPR036525;IPR003008;
P0AC30,PF02687;PF18075;,IPR003838;IPR004513;IPR040690;
P05719,PF01420;,IPR000055;
P0ABG4,PF01098;,IPR018365;IPR013437;IPR001182;
P0AFG8,PF00456;,IPR035807;IPR004660;IPR029061;IPR009014;IPR005474;
P46889,PF13491;PF09397;PF01580;,IPR025199;IPR002543;IPR018541;IPR027417;IPR036388;IPR036390;
P0A6S5,PF04977;,IPR023081;IPR007060;
P0AEN4,PF04999;,IPR011922;
P0AGA2,PF00344;,IPR026593;IPR002208;IPR030659;IPR023201;
P0A6J8,PF07478;PF01820;,IPR011761;IPR013815;IPR000291;IPR005905;IPR011095;IPR011127;IPR016185;
P37773,PF01225;PF02875;PF08245;,IPR005757;IPR036565;IPR004101;IPR036615;IPR013221;IPR000713;
P36979,PF04055;,IPR013785;IPR040072;IPR027492;IPR004383;IPR007197;
P69922,PF02952;PF07881;PF07882;,IPR004216;IPR038393;IPR015888;IPR038391;IPR012888;IPR005763;IPR038392;IPR009015;IPR012889;
P11553,PF02782;PF00370;,IPR000577;IPR018485;IPR018483;IPR018484;IPR013450;
P0AC33,PF05681;PF05683;,IPR004646;IPR004647;IPR036660;IPR011167;IPR020557;
P0AEP3,PF00483;,IPR005771;IPR005835;IPR029044;
P03024,PF00356;,IPR000843;IPR010982;IPR028082;
P37051,PF01842;PF00551;,IPR002912;IPR002376;IPR036477;IPR004810;
P76092,PF12146;PF12147;,IPR029058;IPR022742;IPR022744;IPR029063;
P0AFQ7,PF01026;,IPR018228;IPR015991;IPR032466;IPR001130;
P33195,PF02347;,IPR003437;IPR020581;IPR015424;IPR015422;IPR015421;
P27248,PF01571;PF08669;,IPR006223;IPR022903;IPR028896;IPR013977;IPR006222;IPR029043;IPR027266;
P15038,PF12462;PF00580;PF13361;,IPR014017;IPR000212;IPR022161;IPR027417;IPR014016;IPR034739;
P0A6G5,PF03802;,IPR005551;
P18775,PF04879;PF00384;PF01568;,IPR011888;IPR009010;IPR006657;IPR006656;IPR006963;IPR006655;IPR027467;IPR006311;IPR019546;
P69816,PF02302;,IPR036095;IPR013011;IPR003501;IPR003353;
P23893,PF00202;,IPR004639;IPR005814;IPR015424;IPR015422;IPR015421;
P60240,PF00271;PF12137;PF00176;PF18339;PF18337;,IPR014001;IPR001650;IPR023949;IPR027417;IPR022737;IPR038718;IPR000330;IPR040765;IPR040766;
P03817,PF00258;,IPR008254;IPR029039;
P22524,PF04288;,IPR007385;
P22188,PF01225;PF02875;PF08245;,IPR036565;IPR004101;IPR036615;IPR013221;IPR000713;IPR035911;IPR005761;
P69829,PF00359;,IPR016152;IPR002178;IPR006320;
P37177,PF01590;PF05524;PF00391;PF02896;,IPR003018;IPR029016;IPR008279;IPR018274;IPR000121;IPR023151;IPR036637;IPR006318;IPR008731;IPR036618;IPR015813;IPR040442;
P0AFW4,PF01272;PF14760;,IPR036953;IPR028625;IPR029462;IPR001437;IPR023459;
P36673,PF00356;,IPR000843;IPR010982;IPR028082;IPR012771;
P17993,,IPR029063;IPR010233;
P09184,PF03852;,IPR004603;IPR011335;
P0A8P8,PF02899;PF00589;,IPR011010;IPR013762;IPR002104;IPR010998;IPR004107;IPR011932;IPR023009;
P0AAN5,PF16362;,IPR032303;IPR038462;
P45955,PF16331;PF13174;,IPR034706;IPR014162;IPR013026;IPR011990;IPR019734;IPR032519;
P64439,PF11045;,IPR020368;
P0ACU2,PF08362;PF00440;,IPR009057;IPR001647;IPR036271;IPR039419;IPR019915;IPR013573;
P76213,,IPR000305;IPR035901;
P30235,PF00294;,IPR002173;IPR011611;IPR029056;
P0AFT8,PF03692;,IPR005358;
P76486,,IPR011990;
P0A8C4,PF03695;,IPR011978;IPR036255;
P37671,PF09339;PF01614;,IPR029016;IPR014757;IPR005471;IPR036388;IPR036390;
P0A9W3,PF00005;PF12848;,IPR003593;IPR032781;IPR003439;IPR017871;IPR022374;IPR027417;
Q46942,PF00486;,IPR001867;IPR016032;IPR036388;
P11868,PF00871;,IPR004372;IPR000890;IPR023865;IPR024917;
P18133,PF17767;,IPR040727;IPR006406;IPR007229;IPR036068;
P39358,PF00920;,IPR017798;IPR000581;IPR020558;IPR037237;
P0ACC7,PF00132;PF12804;,IPR005882;IPR038009;IPR001451;IPR018357;IPR025877;IPR029044;IPR011004;
P0AFB8,PF02954;PF00072;PF00158;,IPR003593;IPR011006;IPR009057;IPR002197;IPR027417;IPR001789;IPR002078;IPR025662;IPR025943;IPR025944;IPR010114;
P76104,PF12392;PF01136;,IPR020988;IPR001539;
P27249,PF01842;PF08335;PF01966;PF01909;,IPR002912;IPR003607;IPR006674;IPR013546;IPR002934;IPR010043;
P69681,PF00909;,IPR029020;IPR001905;IPR018047;IPR024041;
P10346,PF00005;,IPR003593;IPR030679;IPR003439;IPR017871;IPR027417;
P21645,PF00132;PF14602;PF04613;,IPR001451;IPR018357;IPR007691;IPR011004;IPR020573;
P69330,PF06857;,IPR006495;IPR023439;
P05706,PF03829;,IPR004716;IPR036665;IPR018454;
P05847,PF05681;,IPR004646;
P77202,PF13098;,IPR033954;IPR009094;IPR012336;IPR036249;
P76407,PF00781;,IPR017438;IPR005218;IPR001206;IPR022433;IPR016064;
P37902,PF00497;,IPR001638;
P00961,PF05746;PF02092;,IPR008909;IPR015944;IPR006194;
P33232,PF01070;,IPR013785;IPR012133;IPR000262;IPR037396;IPR008259;IPR020920;
P00350,PF00393;PF03446;,IPR008927;IPR013328;IPR006114;IPR006113;IPR006115;IPR006184;IPR036291;IPR006183;
P0AC92,PF08178;,IPR012563;
P08201,PF04324;PF01077;PF03460;PF07992;,IPR007419;IPR036188;IPR023753;IPR005117;IPR036136;IPR012744;IPR017121;IPR006067;IPR006066;
P0A7U3,PF00203;,IPR002222;IPR005732;IPR020934;IPR023575;
P0A887,PF01209;,IPR029063;IPR004033;IPR023576;
P10908,PF03009;,IPR004129;IPR030395;IPR017946;
P0A8I5,PF02390;,IPR029063;IPR003358;
P62707,PF00300;,IPR013078;IPR029033;IPR001345;IPR005952;
P0A6S7,PF07479;PF01210;,IPR008927;IPR013328;IPR006168;IPR006109;IPR011128;IPR036291;
P0A8Z7,PF05728;,IPR029058;IPR008886;
P0A901,PF08212;,IPR012674;IPR022271;IPR002446;IPR022272;IPR000566;
P63284,PF00004;PF07724;PF02861;PF10431;,IPR003593;IPR003959;IPR017730;IPR019489;IPR004176;IPR036628;IPR001270;IPR018368;IPR028299;IPR027417;
P30139,PF05690;,IPR013785;IPR033983;IPR008867;
P68688,PF00462;,IPR011767;IPR002109;IPR014025;IPR011902;IPR036249;
P0AE18,PF00557;,IPR036005;IPR000994;IPR001714;IPR002467;
P0AEW6,PF00294;,IPR002173;IPR011611;IPR029056;
P0A853,PF01212;,IPR001597;IPR011166;IPR015424;IPR015422;IPR015421;IPR013440;IPR018176;
P75767,PF01933;,IPR002882;IPR010119;IPR038136;
P60422,PF00181;PF03947;,IPR012340;IPR022666;IPR014722;IPR002171;IPR005880;IPR022669;IPR022671;IPR014726;IPR008991;
P30863,PF00248;,IPR018170;IPR020471;IPR023210;IPR036812;
P0AG30,PF00006;PF07498;PF07497;,IPR003593;IPR000194;IPR011129;IPR012340;IPR027417;IPR011112;IPR036269;IPR011113;IPR004665;
P23843,PF00496;,IPR030678;IPR039424;IPR023765;IPR000914;
P15034,PF05195;PF00557;,IPR007865;IPR029149;IPR036005;IPR000994;IPR001714;IPR001131;
P0ACI6,PF01037;,IPR011991;IPR000485;IPR011008;IPR019888;IPR019887;IPR019885;IPR036388;IPR036390;
P07658,PF04879;PF00384;PF01568;,IPR009010;IPR006478;IPR006657;IPR006656;IPR006963;IPR006655;IPR027467;
P0AAK4,PF13247;PF12798;PF12800;,IPR017896;IPR017900;
P37095,PF12404;PF00883;,IPR001346;IPR011356;IPR008330;IPR000819;
P0A6D5,PF08501;,IPR036291;IPR022872;IPR013708;IPR022893;
P0A6Z3,PF02518;PF00183;,IPR003594;IPR036890;IPR019805;IPR037196;IPR001404;IPR020575;IPR020568;
P0A6X1,PF00745;PF05201;PF01488;,IPR000343;IPR015896;IPR015895;IPR018214;IPR036453;IPR036343;IPR036291;IPR006151;
P0A9E5,PF00027;PF13545;,IPR018490;IPR000595;IPR012318;IPR014710;IPR018335;IPR036388;IPR036390;
P0ACF8,PF00816;,IPR027444;IPR037150;IPR001801;IPR027454;
P0ACE7,PF01230;,IPR019808;IPR001310;IPR011146;IPR036265;
P75989,PF13411;,IPR009061;IPR000551;
P05637,PF00149;,IPR004617;IPR004843;IPR029052;
P06987,PF00475;PF08645;,IPR036412;IPR006549;IPR023214;IPR020566;IPR005954;IPR006543;IPR038494;IPR000807;IPR020565;IPR013954;IPR020568;
P0ACA7,PF00043;PF13417;,IPR010987;IPR036282;IPR004045;IPR004046;IPR036249;
P0A910,PF00691;PF01389;,IPR011250;IPR006664;IPR002368;IPR006665;IPR006690;IPR036737;IPR000498;
P77335,PF06109;,IPR027018;
P46888,PF00582;,IPR014729;IPR006015;IPR006016;
Q46871,PF08021;PF04954;,IPR013113;IPR017927;IPR039261;IPR017938;IPR007037;IPR039374;
P77395,PF00085;,IPR036249;IPR013766;IPR011990;
P76148,PF13811;,IPR020378;
P0AE67,PF00072;,IPR011006;IPR001789;
P00582,PF01367;PF02739;PF00476;PF01612;,IPR002562;IPR020046;IPR036279;IPR002421;IPR019760;IPR001098;IPR020045;IPR018320;IPR002298;IPR008918;IPR029060;IPR012337;IPR036397;
P0A6L9,PF07743;,IPR001623;IPR004640;IPR036386;IPR009073;IPR036869;
P21170,PF17810;PF02784;,IPR009006;IPR040634;IPR002985;IPR022657;IPR022644;IPR022653;IPR000183;IPR029066;
P28224,PF09864;,IPR018660;IPR036328;
P0A6H5,PF00004;PF07724;PF10431;,IPR003593;IPR003959;IPR019489;IPR004491;IPR027417;
P0A7B8,PF00227;,IPR022281;IPR029055;IPR001353;IPR023333;
P07813,PF08264;PF00133;PF13603;,IPR001412;IPR002300;IPR002302;IPR025709;IPR013155;IPR014729;IPR009080;IPR009008;
P19930,PF01750;,IPR004419;IPR023430;IPR000671;
P69741,PF14720;PF01058;,IPR027394;IPR006137;IPR037148;IPR037024;IPR001821;IPR006311;IPR019546;
P28912,PF01609;PF13808;,IPR002559;IPR032806;
P33129,PF13953;PF13954;PF00577;,IPR000015;IPR018030;IPR025949;IPR025885;IPR037224;
P0ACD8,PF00374;,IPR001501;IPR018194;IPR029014;
P00956,PF08264;PF00133;PF06827;,IPR001412;IPR002300;IPR033708;IPR002301;IPR023585;IPR013155;IPR014729;IPR009080;IPR009008;IPR010663;
P15042,PF00533;PF01653;PF03120;PF03119;,IPR001357;IPR036420;IPR018239;IPR033136;IPR001679;IPR013839;IPR013840;IPR003583;IPR012340;IPR004150;IPR010994;IPR004149;
P02925,PF13407;,IPR028082;IPR025997;
P25907,PF10971;,IPR024497;
P64638,PF09012;,IPR023732;IPR015102;IPR036388;IPR036390;
P69739,PF14720;PF01058;,IPR027394;IPR006137;IPR037148;IPR037024;IPR001821;IPR006311;IPR019546;
P45541,PF01261;,IPR036237;IPR013022;
P0AAM3,PF01455;,IPR037254;IPR019812;IPR001109;
P24192,PF01924;,IPR002780;
P77390,PF08218;,IPR016181;IPR005216;IPR013166;IPR004821;IPR000182;IPR014729;
P75824,PF00970;PF00111;PF00175;,IPR036010;IPR001041;IPR012675;IPR008333;IPR017927;IPR039261;IPR001433;IPR000951;IPR017938;
P0AAN1,PF11939;,IPR023994;IPR038530;
P0A9I5,PF03927;,IPR005623;
P0AAM7,PF01455;,IPR037254;IPR019812;IPR001109;
P0AEV9,PF01750;,IPR004420;IPR023430;IPR000671;
P16433,PF01058;,IPR006137;IPR006138;
P30750,PF00005;PF09383;,IPR003593;IPR026253;IPR012692;IPR003439;IPR017871;IPR017908;IPR018449;IPR027417;
P0A9F1,PF02742;PF01325;,IPR001367;IPR036421;IPR022687;IPR022689;IPR036388;IPR036390;
P45464,PF04348;,IPR007443;IPR008939;IPR028082;IPR011990;
P16703,PF00291;,IPR005856;IPR005858;IPR001216;IPR001926;IPR036052;
P37052,PF02810;,IPR032710;IPR004027;IPR023006;
P77213,PF04107;,IPR006336;IPR014746;IPR011793;
P16431,PF00329;PF00346;PF00374;,IPR001135;IPR038290;IPR037232;IPR001268;IPR014029;IPR001501;IPR029014;
P0C058,PF00011;,IPR002068;IPR037913;IPR031107;IPR008978;IPR022848;
P11071,PF06315;,IPR010452;
P16528,PF09339;PF01614;,IPR029016;IPR014757;IPR005471;IPR036388;IPR036390;
P0A9P0,PF07992;PF02852;,IPR036188;IPR023753;IPR016156;IPR006258;IPR001100;IPR004099;IPR012999;
P0A6R3,PF02954;,IPR005412;IPR009057;IPR002197;
P08142,PF02775;PF00205;PF02776;,IPR012846;IPR039368;IPR029035;IPR029061;IPR012000;IPR012001;IPR000399;IPR011766;
P27300,PF02606;,IPR027417;IPR003758;
P00894,PF10369;,IPR004789;IPR027271;IPR019455;IPR002912;IPR039557;
P00893,PF02775;PF00205;PF02776;,IPR012846;IPR039368;IPR029035;IPR029061;IPR012000;IPR012001;IPR000399;IPR011766;
P30125,PF00180;,IPR019818;IPR024084;IPR004429;
P0A7X6,PF05239;PF01782;,IPR011961;IPR027275;IPR011033;IPR002676;IPR036976;IPR009000;
P31666,PF01522;,IPR011330;IPR002509;
P0ADC1,PF04390;,IPR007485;
P0A8K5,PF06786;,IPR009624;
P30748,PF02597;,IPR012675;IPR016155;IPR003749;
P04993,PF13538;,IPR003593;IPR027417;IPR006344;IPR027785;
P28904,PF00128;PF11941;,IPR022567;IPR006047;IPR013780;IPR017853;IPR012769;
P04994,PF02601;PF13742;,IPR003753;IPR020579;IPR025824;
P38104,PF13378;PF02746;,IPR034589;IPR036849;IPR029017;IPR029065;IPR018110;IPR034593;IPR013342;IPR013341;
P0AGK8,PF02082;,IPR010242;IPR030489;IPR000944;IPR036388;IPR036390;
P0A890,PF01206;,IPR022931;IPR001455;IPR036868;
P33221,PF02222;,IPR011761;IPR003135;IPR013815;IPR016185;IPR005862;IPR011054;
P67910,PF01370;,IPR001509;IPR011912;IPR036291;
P77279,PF00005;,IPR003593;IPR003439;IPR017871;IPR027417;
P0A7K2,PF00542;PF16320;,IPR000206;IPR014719;IPR013823;IPR008932;IPR036235;
P0AB77,PF00155;,IPR011282;IPR001917;IPR004839;IPR015424;IPR015422;IPR015421;
P37647,PF00294;,IPR002173;IPR011611;IPR029056;
P17109,PF02775;PF16582;PF02776;,IPR004433;IPR032264;IPR029061;IPR012001;IPR011766;
P21865,PF13493;PF13492;PF02518;PF00512;PF02702;,IPR003018;IPR029016;IPR003594;IPR036890;IPR005467;IPR003661;IPR036097;IPR038318;IPR025201;IPR004358;IPR003852;
P03023,PF00356;,IPR000843;IPR010982;IPR028082;
P37330,PF01274;,IPR011076;IPR023310;IPR001465;IPR006253;
P0AEX9,PF13416;,IPR006060;IPR006059;IPR006061;
P0AG86,PF02556;,IPR003708;IPR035958;
P19934,PF06519;,IPR014161;
P00803,PF00717;PF10502;,IPR036286;IPR000223;IPR019758;IPR019757;IPR019756;IPR015927;IPR019533;
P30126,PF00694;,IPR004431;IPR015928;IPR000573;IPR033940;
P0A6A6,PF00330;,IPR004430;IPR015931;IPR001030;IPR018136;IPR036008;IPR033941;
P0A870,PF00923;,IPR013785;IPR001585;IPR004730;IPR018225;
P0A7W1,PF00333;PF03719;,IPR000851;IPR005712;IPR005324;IPR020568;IPR014721;IPR013810;IPR018192;
P76066,PF07789;,IPR012432;IPR036388;IPR036390;
P76161,PF03589;,IPR003222;IPR036410;
P36767,PF04381;,IPR007476;
P60716,PF16881;PF04055;,IPR013785;IPR006638;IPR031691;IPR003698;IPR007197;
P0A9U6,PF07883;PF01381;,IPR001387;IPR013096;IPR010982;IPR014710;IPR011051;
P77774,PF13360;,IPR017687;IPR018391;IPR002372;IPR011047;IPR015943;
P21599,PF00224;PF02887;,IPR001697;IPR015813;IPR040442;IPR011037;IPR018209;IPR015793;IPR015795;IPR036918;IPR015806;
P69776,PF04728;,IPR006817;IPR016367;
P0AEC3,PF02518;PF00512;PF18415;PF01627;PF00989;PF00072;,IPR027460;IPR011006;IPR003594;IPR036890;IPR005467;IPR003661;IPR036097;IPR040642;IPR036641;IPR000014;IPR000700;IPR035965;IPR013767;IPR004358;IPR008207;IPR014409;IPR001789;
P31802,PF00196;PF00072;,IPR011006;IPR016032;IPR001789;IPR000792;
P0AFG6,PF00198;PF00364;PF02817;,IPR003016;IPR001078;IPR000089;IPR023213;IPR036625;IPR004167;IPR011053;IPR006255;
P0AAR3,PF04073;,IPR004369;IPR036754;IPR007214;
P09391,PF01694;PF12122;,IPR038236;IPR022732;IPR002610;IPR022764;IPR035952;IPR023662;
P07117,PF00474;,IPR038377;IPR011851;IPR001734;IPR018212;
P0AF28,PF00196;PF00072;,IPR011006;IPR016032;IPR001789;IPR000792;IPR036388;
P68187,PF00005;PF17912;,IPR003593;IPR003439;IPR017871;IPR015855;IPR008995;IPR040582;IPR027417;
P02916,PF00528;PF14785;,IPR030156;IPR035277;IPR029345;IPR000515;IPR035906;
P0A7A7,PF01553;,IPR022284;IPR028354;IPR002123;
P62395,PF06558;,IPR009502;
P00490,PF00343;,IPR011833;IPR000811;IPR035090;
P05055,PF00013;PF03726;PF01138;PF03725;PF00575;,IPR001247;IPR015847;IPR036345;IPR004087;IPR004088;IPR036612;IPR012340;IPR012162;IPR027408;IPR015848;IPR036456;IPR020568;IPR022967;IPR003029;
P05020,PF01979;,IPR006680;IPR004721;IPR002195;IPR032466;
P31658,,IPR029062;IPR017283;
P69797,PF03610;PF03830;,IPR013789;IPR004701;IPR036662;IPR033887;IPR004720;IPR036667;IPR018455;
P15005,PF07728;PF12102;,IPR003593;IPR011704;IPR021961;IPR027417;
P32669,PF00923;,IPR013785;IPR023001;IPR001585;IPR004731;IPR018225;IPR033919;
P0A9M2,PF00156;,IPR005904;IPR000836;IPR029057;
P23839,PF08340;PF03755;,IPR005229;IPR013551;IPR013527;
P23872,PF07859;,IPR029058;IPR013094;IPR023508;IPR002168;IPR033140;
P0ABU0,PF00378;,IPR029045;IPR010198;IPR018376;IPR001753;IPR014748;
P0ABK5,PF00291;,IPR005856;IPR005859;IPR001216;IPR001926;IPR036052;
P00926,PF00291;,IPR011780;IPR001926;IPR000634;IPR036052;
P69902,PF02515;,IPR003673;IPR023606;IPR017659;
P69910,PF00282;,IPR010107;IPR002129;IPR015424;IPR015421;IPR021115;
P0C8J9,PF08013;,IPR013785;IPR023436;IPR012062;
P0C8J8,PF08013;,IPR013785;IPR023436;IPR012062;
P30131,PF00708;PF01300;PF07503;,IPR001792;IPR036046;IPR017968;IPR004421;IPR017945;IPR006070;IPR011125;
P0AFL6,PF02541;,IPR022371;IPR003695;IPR030673;
P37759,PF16363;,IPR005888;IPR016040;IPR036291;
P77689,PF01458;,IPR000825;IPR037284;IPR011542;
P05100,PF03352;,IPR005019;IPR011257;IPR004597;
P37766,PF01144;,IPR014388;IPR004165;IPR037171;
P77493,PF00294;,IPR002173;IPR011611;IPR002139;IPR029056;
P0AFT5,PF04397;PF00072;,IPR011006;IPR007492;IPR001789;
P77434,PF00155;,IPR004839;IPR015424;IPR015422;IPR015421;
P0ACR7,PF00126;PF03466;,IPR005119;IPR000847;IPR036388;IPR036390;
P39284,PF10840;,IPR022553;
P39353,PF01408;PF02894;,IPR036291;IPR000683;IPR004104;
P0AEI6,PF00293;,IPR020476;IPR015797;IPR020084;IPR000086;IPR033713;
P77585,PF05343;,IPR008007;IPR023367;
P07395,PF03483;PF03484;PF03147;PF01588;,IPR005146;IPR009061;IPR005121;IPR036690;IPR012340;IPR004532;IPR020825;IPR002547;IPR033714;IPR005147;
P76540,PF00936;PF16365;,IPR020808;IPR037233;IPR032298;IPR000249;IPR036388;
P60390,PF01795;,IPR002903;IPR023397;IPR029063;
P0A6I0,PF02224;,IPR003136;IPR011994;IPR027417;
P0A6T9,PF01597;,IPR003016;IPR000089;IPR002930;IPR033753;IPR017453;IPR011053;
P0AEZ3,PF01656;,IPR002586;IPR025501;IPR010223;IPR027417;
P27838,PF01491;,IPR002908;IPR036524;IPR020895;
P0AB65,PF00708;,IPR020456;IPR001792;IPR036046;IPR028627;IPR017968;
P52126,PF00271;,IPR014001;IPR001650;IPR027417;
P0A8A0,PF01709;,IPR017856;IPR002876;IPR026564;IPR029072;
P75883,PF06251;,IPR010425;
P0ACA3,PF00043;PF02798;,IPR010987;IPR036282;IPR040079;IPR004045;IPR004046;IPR034341;IPR036249;
P32125,PF03205;,IPR004435;IPR027417;
P12281,PF00994;PF03454;PF03453;,IPR036425;IPR001453;IPR008284;IPR038987;IPR005111;IPR036688;IPR005110;IPR036135;
P05793,PF01450;PF07991;,IPR008927;IPR013328;IPR013023;IPR000506;IPR013116;IPR036291;
P0A9G8,PF00126;PF03459;,IPR004606;IPR008995;IPR016462;IPR003725;IPR005116;IPR000847;IPR036388;IPR036390;
P0A796,PF00365;,IPR022953;IPR012003;IPR012828;IPR015912;IPR000023;IPR035966;
P09348,PF01618;,IPR000540;IPR022522;IPR002898;
P31806,PF01256;PF03853;,IPR017953;IPR000631;IPR030677;IPR029056;IPR004443;IPR036652;
P0A908,PF06629;,IPR010583;
P02919,PF14812;PF00912;PF00905;PF14814;,IPR012338;IPR001264;IPR023346;IPR032730;IPR011813;IPR036950;IPR001460;IPR028166;
P16926,PF04085;,IPR007221;
P33026,PF07690;,IPR011701;IPR020846;IPR036259;IPR004750;
P15067,PF00128;PF02922;PF18390;,IPR040784;IPR006047;IPR004193;IPR013780;IPR022844;IPR011837;IPR017853;IPR013783;IPR014756;
P46022,PF00912;,IPR001264;IPR023346;IPR036950;IPR011812;
P0A821,PF12390;PF03841;,IPR015424;IPR015421;IPR018319;IPR004534;IPR025862;
P77561,PF00384;,IPR009010;IPR037951;IPR006656;IPR010046;
P08997,PF01274;,IPR011076;IPR006252;IPR001465;IPR019830;
P52600,PF07690;,IPR004638;IPR011701;IPR020846;IPR036259;
P31120,PF02878;PF02879;PF02880;PF00408;,IPR005844;IPR016055;IPR005845;IPR005846;IPR005843;IPR036900;IPR016066;IPR005841;IPR006352;
P39362,PF00834;,IPR013785;IPR000056;IPR011060;
P0AGG4,PF00085;,IPR005746;IPR036249;IPR017937;IPR013766;
P0A6F1,PF00988;PF00117;,IPR006274;IPR002474;IPR036480;IPR029062;IPR035686;IPR017926;
P11880,PF01225;PF02875;PF08245;,IPR036565;IPR004101;IPR036615;IPR013221;IPR000713;IPR035911;IPR005863;
P76339,PF02518;PF00512;,IPR006290;IPR003660;IPR003594;IPR036890;IPR005467;IPR003661;IPR036097;IPR004358;
P30130,PF13953;PF13954;PF00577;,IPR000015;IPR018030;IPR025949;IPR025885;IPR037224;
P23482,PF00361;,IPR003918;IPR001750;
P76586,PF00480;,IPR000600;IPR036388;IPR036390;
P64564,PF02325;,IPR003425;
P23305,PF04340;,IPR007435;IPR029016;
P50465,PF01149;PF06831;PF06827;,IPR015886;IPR015887;IPR023713;IPR012319;IPR035937;IPR010979;IPR000214;IPR010663;
P10902,PF00890;PF02910;,IPR003953;IPR036188;IPR037099;IPR015939;IPR005288;IPR027477;
P08204,PF02782;,IPR018485;IPR005929;
P36938,PF02878;PF02879;PF02880;PF00408;,IPR005844;IPR016055;IPR005845;IPR005846;IPR005843;IPR036900;IPR016066;IPR005852;
P31663,PF02569;,IPR004821;IPR003721;IPR014729;
P07024,PF02872;PF00149;,IPR008334;IPR036907;IPR006146;IPR006179;IPR004843;IPR029052;
P0ABL5,PF03264;,IPR011031;IPR036280;IPR024717;IPR005126;IPR038266;IPR011885;
P33934,PF13237;PF12801;,IPR017896;IPR017900;IPR011886;
P0A8E7,PF04461;,IPR007551;IPR035571;IPR035570;IPR036183;
P0A7V8,PF00163;PF01479;,IPR022801;IPR001912;IPR005709;IPR018079;IPR002942;IPR036986;
P19319,PF00384;PF01568;PF14710;,IPR009010;IPR037943;IPR006657;IPR006656;IPR006963;IPR006655;IPR027467;IPR006468;IPR028189;
P27896,PF00672;PF02518;PF07730;PF13675;,IPR003660;IPR003594;IPR036890;IPR005467;IPR029095;IPR016380;IPR011712;
P19318,PF13247;PF14711;,IPR017896;IPR029263;IPR038262;IPR006547;
P42593,PF00724;PF07992;,IPR013785;IPR036188;IPR023753;IPR001155;
P04825,PF11940;PF17432;PF01433;,IPR038438;IPR001930;IPR014782;IPR012779;IPR024601;IPR037144;IPR035414;IPR027268;
P0AC28,PF01812;,IPR002698;IPR024185;IPR037171;
P68739,PF04493;,IPR007581;
P00914,PF00875;PF03441;,IPR036134;IPR036155;IPR005101;IPR002081;IPR018394;IPR006050;IPR014729;
P38489,PF00881;,IPR033878;IPR029479;IPR000415;
P31600,PF13283;,IPR025137;IPR013026;IPR011990;IPR019734;
P0AFI7,PF10590;PF01243;,IPR000659;IPR019740;IPR011576;IPR019576;IPR012349;
P33594,PF00005;,IPR003593;IPR003439;IPR017871;IPR015858;IPR014137;IPR027417;
P0A7W7,PF00410;,IPR000630;IPR035987;
P23865,PF11818;PF00595;PF03572;PF17804;,IPR029045;IPR001478;IPR036034;IPR004447;IPR005151;IPR020992;IPR040573;
P0A9N8,,IPR013785;IPR012837;IPR034457;IPR001989;IPR007197;
P37146,PF00268;,IPR009078;IPR012348;IPR026494;IPR033909;IPR030475;IPR000358;
P0AC65,PF00462;,IPR011909;IPR002109;IPR036249;
P0ACX0,PF06942;,IPR009707;
P0AED7,PF07687;PF01546;,IPR001261;IPR036264;IPR005941;IPR002933;IPR011650;
P76344,PF09223;,IPR012674;IPR015304;
P33599,PF00329;PF00346;,IPR010218;IPR023062;IPR001135;IPR038290;IPR037232;IPR001268;IPR014029;IPR020396;IPR022885;IPR029014;
P0AFD1,,IPR002023;IPR036249;
P25519,PF16360;PF13167;PF01926;,IPR035647;IPR030394;IPR032305;IPR006073;IPR016496;IPR025121;IPR027417;
P0A998,PF00210;,IPR001519;IPR012347;IPR009040;IPR009078;IPR008331;
Q47319,PF03942;,IPR005636;IPR039262;
P0A7R5,PF00338;,IPR001848;IPR018268;IPR027486;IPR036838;
P27298,PF01432;,IPR034005;IPR024077;IPR001567;
P33643,PF00849;PF01479;,IPR020103;IPR006225;IPR006224;IPR006145;IPR002942;IPR036986;
P0A9J6,PF00294;,IPR002173;IPR011877;IPR011611;IPR002139;IPR029056;
P0AC47,PF13085;PF13183;,IPR036010;IPR001041;IPR006058;IPR017896;IPR017900;IPR012675;IPR009051;IPR004489;IPR025192;
P33916,PF00005;PF08352;,IPR003593;IPR003439;IPR017871;IPR013563;IPR027417;
P0AFI0,PF02775;PF00205;PF02776;,IPR029035;IPR017660;IPR029061;IPR012000;IPR012001;IPR011766;
P71237,PF13439;PF00534;,IPR023916;IPR001296;IPR028098;
P09996,PF06078;,IPR009282;IPR027405;
P56579,PF03608;,IPR004699;
P77737,PF00005;PF08352;,IPR003593;IPR003439;IPR017871;IPR013563;IPR027417;
P0AE82,PF16527;PF00672;PF02518;PF00512;,IPR032404;IPR038515;IPR003660;IPR003594;IPR036890;IPR005467;IPR003661;IPR036097;IPR004358;
P0ACT2,PF08361;PF00440;,IPR023772;IPR009057;IPR001647;IPR036271;IPR039419;IPR013572;
P0ABV6,PF02472;,IPR003400;IPR014168;
P05041,PF04715;PF00425;,IPR005801;IPR019999;IPR006805;IPR015890;IPR005802;
P28305,PF01063;,IPR017824;IPR001544;IPR018300;IPR036038;
P0A799,PF00162;,IPR001576;IPR015911;IPR015824;IPR036043;
P65556,PF00293;,IPR015797;IPR000086;IPR024195;
P0AFY8,PF03925;PF17206;,IPR013321;IPR010985;IPR005621;IPR026577;IPR036835;IPR033761;
P0A7C6,PF03575;,IPR029062;IPR005320;IPR023172;
P15288,PF07687;PF01546;,IPR002933;IPR011650;IPR001160;
P77329,PF00329;PF00346;PF00374;,IPR001135;IPR038290;IPR037232;IPR001268;IPR014029;IPR001501;IPR029014;
P77399,PF00725;PF02737;PF00378;,IPR006180;IPR006176;IPR006108;IPR008927;IPR029045;IPR001753;IPR012802;IPR036291;
P39347,PF13356;PF00589;,IPR011010;IPR013762;IPR002104;IPR038488;IPR025166;IPR010998;
P29745,PF07687;PF01546;,IPR001261;IPR036264;IPR002933;IPR011650;IPR010161;
P09373,PF01228;PF02901;,IPR005949;IPR019777;IPR001150;IPR004184;
P0A858,PF00121;,IPR013785;IPR035990;IPR022896;IPR000652;IPR020861;
Q57083,PF00126;PF03466;,IPR005119;IPR000847;IPR036388;IPR036390;
P37440,,IPR036291;IPR002347;
P0ABB8,PF00689;PF00690;,IPR006068;IPR004014;IPR023299;IPR018303;IPR023298;IPR008250;IPR036412;IPR023214;IPR006415;IPR001757;
P76180,PF10754;,IPR019690;
P0A6T1,PF00342;,IPR001672;IPR023096;IPR018189;IPR035476;IPR035482;
P08390,PF01118;PF02774;,IPR036291;IPR000534;IPR012280;
P37666,PF00389;PF02826;,IPR006139;IPR029753;IPR006140;IPR023756;IPR036291;
P0AG90,PF07549;PF13721;PF02355;,IPR005791;IPR027398;IPR022813;IPR022645;IPR022646;
P32715,PF04632;,IPR006726;
P16686,PF05845;,IPR038058;IPR008772;
P16678,PF00005;,IPR003593;IPR003439;IPR017871;IPR012700;IPR027417;
P0A9K9,PF00254;,IPR001179;
P0AFJ5,PF00072;PF00486;,IPR011006;IPR001867;IPR011879;IPR001789;IPR039420;IPR036388;
P31828,PF00675;PF05193;,IPR011249;IPR011765;IPR001431;IPR007863;
P60624,PF00467;PF17136;,IPR005824;IPR014722;IPR003256;IPR005825;IPR008991;
P23836,PF00072;PF00486;,IPR011006;IPR001867;IPR001789;IPR039420;IPR036388;
P23837,PF02518;PF08918;,IPR003660;IPR003594;IPR036890;IPR005467;IPR003661;IPR036097;IPR015014;IPR038429;IPR004358;
P37641,PF00126;PF03466;,IPR005119;IPR000847;IPR036388;IPR036390;
P0AAQ6,PF07237;,IPR011008;IPR009874;
P0AAU7,PF01402;,IPR002145;IPR010985;
P0A8X0,PF04751;,IPR023153;IPR006839;
P0A8J8,PF00270;PF00271;,IPR011545;IPR014001;IPR001650;IPR027417;IPR000629;IPR023554;IPR014014;
P07001,PF01262;PF05222;PF12769;,IPR008143;IPR008142;IPR007886;IPR007698;IPR036291;IPR026255;IPR024605;
P0A9G4,PF13411;,IPR011789;IPR009061;IPR000551;
P31133,PF13416;,IPR006059;IPR001188;
P31135,PF00528;,IPR000515;IPR035906;
P76483,PF08974;,IPR015068;IPR035944;
P16918,PF03527;PF05593;,IPR001826;IPR022385;IPR031325;IPR006530;
P0A9L5,,IPR000297;IPR023058;
P37339,PF01266;,IPR006076;IPR036188;IPR030862;
P0A8D9,PF04217;,IPR007334;
P0A7I4,PF00009;PF03144;PF16658;,IPR035647;IPR004161;IPR031157;IPR027417;IPR004548;IPR032090;IPR038467;IPR005225;IPR000795;IPR009000;
P75959,PF00480;,IPR023505;IPR000600;
P37182,PF01750;,IPR004419;IPR023430;IPR000671;
P0A8X4,PF09829;,IPR018635;
P77732,PF09339;PF01614;,IPR029016;IPR014757;IPR005471;IPR036388;IPR036390;
P76072,PF07484;PF03335;PF08400;,IPR008969;IPR013609;IPR005003;IPR011083;IPR037053;
P0A9X9,PF00313;,IPR019844;IPR012156;IPR011129;IPR002059;IPR012340;
P0A6K6,PF01676;,IPR017849;IPR017850;IPR010045;IPR006124;IPR024052;
P0ABS1,PF01258;,IPR012784;IPR037187;IPR020460;IPR000962;IPR020458;
P0A6Q3,PF07977;,IPR010083;IPR013114;IPR029069;
P0A9P9,PF00106;,IPR036291;IPR020904;IPR002347;
P0A9L8,PF03807;PF14748;,IPR008927;IPR036291;IPR028939;IPR029036;IPR000304;
P0A7H0,PF02463;,IPR001238;IPR018078;IPR027417;IPR003395;
P09980,PF00580;PF13361;,IPR013986;IPR014017;IPR000212;IPR005752;IPR027417;IPR014016;IPR034739;
P52097,PF01171;PF09179;PF11734;,IPR012796;IPR014729;IPR011063;IPR012094;IPR012795;IPR015262;
Q57261,PF01142;,IPR020103;IPR001656;IPR020119;IPR011760;
P0AGA6,PF00196;PF00072;,IPR011006;IPR016032;IPR001789;IPR000792;
P0ADV5,PF00296;,IPR011251;IPR036661;IPR019949;
Q2M7X4,,
P27848,,IPR000150;IPR036412;IPR006379;IPR023214;
P0A935,PF06725;PF03562;,IPR010611;IPR026044;IPR034654;IPR005300;IPR036908;
P14175,PF00005;PF00571;,IPR003593;IPR003439;IPR017871;IPR000644;IPR005892;IPR027417;
P13458,PF13476;,IPR027417;IPR038729;IPR027050;IPR004592;
P24251,PF07417;,IPR009986;IPR038208;
P0AFM6,PF04012;,IPR014319;IPR007157;
P0AFX4,PF04353;,IPR038309;IPR023785;IPR007448;
P65294,PF06004;,IPR010305;IPR010920;
P15639,PF01808;PF02142;,IPR024051;IPR016193;IPR011607;IPR036914;IPR002695;
P08179,PF00551;,IPR002376;IPR036477;IPR004607;IPR001555;
P76016,PF02954;PF00989;PF00158;,IPR003593;IPR029016;IPR009057;IPR002197;IPR027417;IPR000014;IPR035965;IPR013767;IPR002078;IPR025662;IPR025943;
P52052,PF00437;,IPR003593;IPR027417;IPR006321;IPR001482;
P0A7F3,PF01948;PF02748;,IPR020545;IPR002801;IPR020542;IPR036792;IPR036793;
P0A6B7,PF00266;,IPR000192;IPR020578;IPR010240;IPR016454;IPR015424;IPR015422;IPR015421;
P0A7E5,PF06418;PF00117;,IPR029062;IPR004468;IPR017456;IPR017926;IPR033828;IPR027417;
P0ABP8,PF01048;,IPR004402;IPR018016;IPR000845;IPR035994;
P28304,PF08240;PF00107;,IPR013149;IPR013154;IPR011032;IPR036291;IPR020843;IPR002364;
P0ADR8,PF11892;PF14793;PF03641;,IPR021826;IPR031100;IPR037153;IPR027820;
P52076,PF00072;PF00486;,IPR011006;IPR001867;IPR001789;IPR039420;IPR036388;
P0AEV4,PF11046;,IPR021285;
P0AEE5,PF13407;,IPR028082;IPR025997;
P16685,PF06754;,IPR009609;
P0A9M0,PF00004;PF05362;PF02190;,IPR003593;IPR003959;IPR027543;IPR004815;IPR008269;IPR027065;IPR003111;IPR027417;IPR008268;IPR015947;IPR020568;IPR014721;
P0DMC7,PF00196;PF00072;,IPR011006;IPR030864;IPR016032;IPR001789;IPR000792;IPR036388;
P0DMC8,PF00196;PF00072;,IPR011006;IPR030864;IPR016032;IPR001789;IPR000792;IPR036388;
P07648,,IPR013986;IPR027417;IPR006697;IPR011335;
P0A7H3,PF02565;PF11967;,IPR037278;IPR022572;IPR012340;IPR003717;
P0C079,PF04221;,IPR013321;IPR007337;
P08400,PF02518;PF00512;PF00989;PF11808;,IPR003594;IPR036890;IPR005467;IPR003661;IPR036097;IPR000014;IPR035965;IPR013767;IPR021766;IPR004358;IPR014310;
P08244,PF00215;,IPR013785;IPR014732;IPR018089;IPR001754;IPR011060;
P0A7J0,PF00926;,IPR017945;IPR000422;
P0A937,PF04355;,IPR026592;IPR037873;IPR007450;
P0AC19,PF02152;,IPR006157;
P22731,PF00005;,IPR003593;IPR030660;IPR003439;IPR017871;IPR027417;
P0A8P1,PF03588;,IPR016181;IPR004616;
P33224,PF00441;PF02770;,IPR006089;IPR006091;IPR036250;IPR009075;IPR009100;IPR034184;
P00957,PF02272;PF01411;PF07973;,IPR002318;IPR018162;IPR018165;IPR018164;IPR023033;IPR003156;IPR018163;IPR009000;IPR012947;
P43329,PF00270;PF11898;PF04408;PF00271;PF07717;,IPR003593;IPR011545;IPR011709;IPR007502;IPR014001;IPR001650;IPR024590;IPR027417;IPR010222;
P23830,PF13091;,IPR016270;IPR025202;IPR001736;
P30871,PF01928;,IPR007899;IPR033469;IPR023577;IPR039013;
P37634,PF04378;,IPR002052;IPR007473;IPR029063;
P0A7A2,PF00300;,IPR013078;IPR029033;IPR001345;IPR023086;
P30850,PF17876;PF08206;PF00773;PF00575;,IPR011129;IPR040476;IPR012340;IPR013223;IPR011804;IPR001900;IPR022966;IPR004476;IPR003029;
P24554,,IPR003593;IPR004504;IPR027417;IPR020588;IPR020568;IPR014721;
P37765,PF00849;PF01479;,IPR020103;IPR000748;IPR018496;IPR006145;IPR002942;IPR036986;
P75864,PF10672;PF02926;PF01170;,IPR017244;IPR002052;IPR000241;IPR019614;IPR029063;IPR004114;
P33030,PF02492;PF07683;,IPR011629;IPR003495;IPR027417;
P0AB18,PF04358;,IPR025526;IPR007453;
P00959,PF09334;PF01588;,IPR001412;IPR004495;IPR023458;IPR014758;IPR015413;IPR033911;IPR029038;IPR012340;IPR014729;IPR002547;IPR009080;
P0A6I6,PF01467;,IPR004821;IPR001980;IPR014729;
P63204,PF00196;,IPR016032;IPR000792;IPR036388;
P37351,PF02502;,IPR004785;IPR003500;IPR036569;
P0A7J3,PF00466;,IPR022973;IPR002363;IPR001790;
P37387,PF13407;,IPR028082;IPR025997;IPR013456;
P0AB38,PF13036;,IPR014094;
P76086,PF07848;PF08223;,IPR012906;IPR013225;IPR011965;IPR036388;
P0A761,PF04131;,IPR013785;IPR007260;IPR011060;
P0A7N4,PF01783;,IPR002677;IPR011332;
P0ABQ0,PF04127;PF02441;,IPR035929;IPR005252;IPR007085;IPR036551;IPR003382;
P30958,PF02559;PF00270;PF00271;PF03461;,IPR036101;IPR003711;IPR011545;IPR014001;IPR001650;IPR004576;IPR027417;IPR037235;IPR005118;
P69441,PF05191;,IPR006259;IPR000850;IPR033690;IPR007862;IPR027417;
P77319,PF00012;,IPR018181;IPR029047;IPR013126;
P0AG96,PF00584;,IPR005807;IPR038379;IPR001901;
P37344,PF02954;PF00158;,IPR003593;IPR009057;IPR002197;IPR027417;IPR002078;IPR025943;IPR025944;IPR014317;
P65292,PF06004;,IPR010305;IPR010920;
P0ADN6,PF13627;,IPR032831;
P0A9J0,PF10150;PF00575;,IPR012340;IPR019307;IPR004659;IPR022967;IPR003029;
P0A7T7,PF01084;,IPR001648;IPR018275;IPR036870;
P25522,PF01926;PF12631;PF10396;,IPR031168;IPR018948;IPR006073;IPR004520;IPR027368;IPR025867;IPR027417;IPR005225;IPR027266;
P0A707,PF00707;PF05198;,IPR036788;IPR036787;IPR019813;IPR001288;IPR019815;IPR019814;
Q46802,PF02954;PF13188;PF00158;,IPR003593;IPR009057;IPR002197;IPR027417;IPR000014;IPR035965;IPR002078;IPR025662;IPR025943;IPR025944;
P32155,PF00359;,IPR016152;IPR002178;IPR004715;
P0AA43,PF00849;PF01479;,IPR020103;IPR000748;IPR018496;IPR006145;IPR002942;IPR036986;
P0A7I0,PF03462;PF00472;,IPR005139;IPR000352;IPR004373;
P0A924,PF01569;,IPR036938;IPR000326;
P39391,,
P36560,,IPR023497;
P21866,PF00072;PF00486;,IPR011006;IPR001867;IPR001789;IPR039420;IPR036388;
P52108,PF00072;PF00486;,IPR011006;IPR001867;IPR016032;IPR001789;IPR039420;IPR036388;
P18392,PF00672;PF02518;PF00512;,IPR003660;IPR003594;IPR036890;IPR005467;IPR003661;IPR036097;IPR004358;
P37653,PF03552;PF00535;PF07238;,IPR003919;IPR005150;IPR001173;IPR029044;IPR009875;
P77285,PF04205;,IPR007329;IPR010209;
P0A809,PF07499;PF01330;,IPR013849;IPR003583;IPR012340;IPR000085;IPR010994;IPR011114;IPR036267;
P0A812,PF05491;PF05496;,IPR003593;IPR004605;IPR027417;IPR008824;IPR008823;IPR036388;IPR036390;
P23930,PF00795;,IPR004563;IPR003010;IPR036526;
P0A9U3,PF00005;PF12848;,IPR003593;IPR032781;IPR003439;IPR027417;
P0AF26,PF02613;,IPR020945;IPR003765;IPR036411;
P21189,PF00136;PF03104;,IPR006172;IPR017964;IPR006133;IPR006134;IPR023211;IPR012337;IPR036397;
P07014,PF13085;,IPR036010;IPR001041;IPR017896;IPR017900;IPR012675;IPR009051;IPR004489;IPR025192;
P38506,PF01367;PF02739;,IPR020046;IPR036279;IPR002421;IPR020045;IPR038969;IPR008918;IPR029060;IPR022895;
P0AF12,PF01048;,IPR010049;IPR000845;IPR035994;
P07012,PF03462;PF00472;,IPR005139;IPR000352;IPR004374;
P25714,PF02096;PF14849;,IPR019998;IPR028055;IPR028053;IPR001708;IPR038210;IPR038221;
P0A8L1,PF02403;PF00587;,IPR002314;IPR006195;IPR002317;IPR015866;IPR033729;IPR010978;
P07862,PF07478;PF01820;,IPR011761;IPR013815;IPR000291;IPR005905;IPR011095;IPR011127;IPR016185;
P39380,PF01885;,IPR002745;IPR022928;
P0A749,PF00275;,IPR001986;IPR036968;IPR013792;IPR005750;
P0AAB8,PF00582;,IPR014729;IPR006015;IPR006016;
Q93K97,PF00293;,IPR004385;IPR015797;IPR020084;IPR000086;
P37194,PF03843;,IPR004658;
P0AAN3,PF02492;,IPR003495;IPR004392;IPR012202;IPR027417;
P0A832,PF01668;,IPR023620;IPR000037;IPR020081;
P25536,PF02545;,IPR029001;IPR003697;
P0ADE2,PF06526;,IPR009491;
P33920,PF04245;,IPR007358;
P64517,PF09926;,IPR019226;
P23840,,
P37349,PF03610;PF05524;PF00391;PF00381;,IPR012844;IPR000032;IPR035895;IPR008279;IPR036637;IPR004701;IPR036662;IPR008731;IPR001020;IPR036618;
P80644,PF03358;,IPR029039;IPR005025;IPR020048;
P39277,PF13520;,IPR002293;
P0AFG3,PF16078;PF00676;PF16870;PF02779;,IPR032106;IPR011603;IPR001017;IPR031717;IPR029061;IPR005475;
P0A836,PF08442;PF00549;,IPR011761;IPR013650;IPR013815;IPR005811;IPR017866;IPR005809;IPR016102;
P77499,PF00005;,IPR003593;IPR003439;IPR017871;IPR010230;IPR027417;
P26648,PF00394;PF07731;PF07732;,IPR001117;IPR011706;IPR011707;IPR008972;IPR026589;IPR006311;IPR019546;
P69423,PF00902;,IPR019820;IPR002033;
P76484,,
P76194,PF02657;,IPR023939;IPR003808;
P28721,PF06551;,IPR010546;
P45422,PF06551;,IPR010546;
P11664,,IPR027417;
P69428,PF02416;,IPR003369;IPR006312;
P69425,,IPR018448;
P09833,PF00005;PF03459;,IPR003593;IPR003439;IPR017871;IPR015852;IPR004606;IPR008995;IPR011868;IPR027417;IPR005116;
P0DP63,,IPR036526;
P0DP64,PF00795;,IPR003010;IPR036526;IPR001110;
P0A8M3,PF03129;PF02824;PF00587;PF07973;,IPR002314;IPR006195;IPR004154;IPR036621;IPR012675;IPR004095;IPR012676;IPR002320;IPR018163;IPR033728;IPR012947;
P37195,PF00196;,IPR016032;IPR000792;IPR036388;
P06996,PF00267;,IPR023614;IPR001897;IPR001702;IPR013793;
P02932,PF00267;,IPR033900;IPR023614;IPR001897;IPR001702;IPR013793;
P06129,PF07715;PF00593;,IPR010101;IPR039426;IPR012910;IPR037066;IPR000531;IPR010916;IPR036942;IPR010917;
P13036,PF07715;PF07660;PF00593;,IPR012910;IPR037066;IPR011662;IPR000531;IPR010916;IPR036942;IPR010917;IPR010105;
P0ABU9,PF01618;,IPR002898;IPR014163;
P33226,PF03264;,IPR009154;IPR011031;IPR036280;IPR005126;IPR038266;
P36662,PF02613;,IPR023069;IPR020945;IPR036386;IPR036411;
P77551,PF03245;,IPR004929;
P76576,PF09976;,IPR011990;IPR018704;IPR026039;
P31449,PF02311;PF12833;,IPR003313;IPR009057;IPR037923;IPR018060;IPR018062;
P38684,PF00072;PF00486;,IPR011006;IPR001867;IPR001789;IPR039420;IPR036388;
P16688,PF06007;,IPR010306;
P39333,,IPR036291;IPR020904;IPR002347;
P0A873,PF01746;,IPR029028;IPR002649;IPR023148;IPR029026;IPR016009;
P0A6U3,PF13932;,IPR036188;IPR026904;IPR004416;IPR002218;IPR020595;
P0A6K3,PF01327;,IPR023635;IPR036821;
P04846,PF03180;,IPR004872;
P0AGJ2,PF12105;PF00588;,IPR029028;IPR022724;IPR001537;IPR033671;IPR029026;
P0A877,PF00290;,IPR013785;IPR011060;IPR018204;IPR002028;
P51020,PF07836;PF00682;,IPR017629;IPR013785;IPR012425;IPR035685;IPR000891;
P0C8J7,PF01116;,IPR013785;IPR000771;IPR011288;IPR023955;
P0C8J6,PF01116;,IPR013785;IPR000771;IPR011288;IPR023955;
P76639,PF00486;,IPR001867;IPR016032;IPR013026;IPR011990;IPR019734;IPR036388;
P0ACB0,PF00772;PF03796;,IPR003593;IPR036185;IPR007692;IPR007694;IPR007693;IPR016136;IPR027417;
P26602,PF04345;,IPR007440;IPR028978;
P75728,PF01494;,IPR002938;IPR036188;IPR018168;IPR010971;
P61175,PF00237;,IPR001063;IPR018260;IPR036394;IPR005727;
P0ACU0,PF09209;PF00440;,IPR023772;IPR009057;IPR001647;IPR036271;IPR039419;IPR015292;
P0A8F4,PF00485;,IPR027417;IPR006083;IPR000764;IPR026008;
P04152,PF13438;PF00817;PF11799;PF11798;,IPR036775;IPR017961;IPR025188;IPR024728;IPR001126;
P0AG11,PF00717;,IPR039418;IPR036286;IPR006197;IPR015927;
P0A8F0,,IPR000836;IPR029057;IPR034332;IPR005765;
P0ADW6,PF04055;PF16199;,IPR039661;IPR006638;IPR032432;IPR007197;IPR023404;IPR005911;
P0AED0,PF00582;,IPR014729;IPR006015;IPR006016;
P24203,PF02492;PF07683;,IPR011629;IPR036627;IPR003495;IPR027417;
P0A6X7,PF00216;,IPR000119;IPR020816;IPR010992;IPR005684;
P39452,PF02867;PF00317;PF08343;,IPR013346;IPR026459;IPR000788;IPR013509;IPR013554;IPR008926;IPR039718;
P76373,PF00984;PF03720;PF03721;,IPR008927;IPR036291;IPR017476;IPR014027;IPR036220;IPR014026;IPR001732;IPR028357;
P21362,PF05974;,IPR010287;IPR012347;IPR009078;
P0A8G0,PF01541;PF02151;PF08459;,IPR000305;IPR035901;IPR003583;IPR010994;IPR001943;IPR036876;IPR004791;IPR001162;IPR038476;
P07118,PF08264;PF00133;PF10458;,IPR001412;IPR002300;IPR033705;IPR013155;IPR014729;IPR010978;IPR009080;IPR037118;IPR019499;IPR009008;IPR002303;
P0ACM5,PF00392;PF07702;,IPR028978;IPR000524;IPR011663;IPR036388;IPR036390;
P32714,PF02321;,IPR003423;IPR010131;
P0A7Y8,PF00825;,IPR020568;IPR014721;IPR000100;IPR020539;
P06988,PF00815;,IPR016161;IPR001692;IPR022695;IPR012131;
P37613,PF12568;,IPR016181;IPR040448;IPR000182;IPR032900;
P0AFM2,PF04069;,IPR007210;
P0AAA1,PF07274;,IPR009898;
P62620,PF04551;,IPR011005;IPR016425;IPR004588;
P77187,PF02629;PF00549;,IPR003781;IPR005811;IPR016102;
P28629,PF01276;PF03711;PF03709;,IPR005308;IPR011193;IPR000310;IPR008286;IPR036633;IPR015424;IPR015422;IPR015421;
P77397,PF01494;,IPR023786;IPR002938;IPR036188;
P28635,PF03180;,IPR004872;
P31224,PF00873;,IPR027463;IPR001036;IPR004764;
P0ADZ7,PF02699;,IPR003849;
P07109,PF00005;,IPR003593;IPR030679;IPR003439;IPR017871;IPR027417;
P16691,PF00583;,IPR016181;IPR000182;
P0A8D0,PF03477;,IPR005144;IPR003796;
P69913,PF02599;,IPR003751;IPR036107;
P0AAI3,PF00004;PF06480;PF01434;,IPR003593;IPR003959;IPR003960;IPR005936;IPR027417;IPR011546;IPR000642;IPR037219;
P77425,PF01546;,IPR017591;IPR010158;IPR036264;IPR002933;
P33018,PF00756;,IPR029058;IPR000801;IPR014186;
P32099,PF03099;PF10437;,IPR004143;IPR023741;IPR019491;IPR004562;
P0ABI8,PF00115;,IPR023616;IPR036927;IPR000883;IPR023615;IPR014207;
P77218,PF01515;,IPR012147;IPR004614;IPR002505;
P11458,PF02445;,IPR003473;IPR036094;IPR023513;
P77216,PF11922;PF01507;,IPR021845;IPR002500;IPR014729;
P0ADZ0,PF00276;,IPR012677;IPR012678;IPR001014;IPR013025;
P11446,PF01118;PF02774;,IPR023013;IPR000706;IPR036291;IPR000534;IPR012280;
P45395,PF00571;PF01380;,IPR000644;IPR004800;IPR001347;IPR035474;
P0AC75,PF04413;,IPR007507;IPR038107;IPR039901;
P08178,PF00586;PF02769;,IPR010918;IPR036676;IPR016188;IPR036921;IPR004733;
P31549,PF00528;,IPR000515;IPR035906;IPR005947;
P75777,PF16576;,IPR032317;IPR022936;
P39310,PF04225;PF08525;,IPR013731;IPR007340;
P77215,PF13378;PF02746;,IPR036849;IPR029017;IPR029065;IPR023444;IPR018110;IPR013342;IPR013341;
P0DP21,PF04754;,IPR010106;IPR006842;
P0DP22,PF04754;,IPR010106;IPR006842;
P30178,PF02615;,IPR036111;IPR003767;
P64534,PF11776;,IPR024572;
P21499,PF17876;PF08461;PF08206;PF00773;PF00575;,IPR011129;IPR040476;IPR012340;IPR013223;IPR001900;IPR022966;IPR004476;IPR011805;IPR013668;IPR022967;IPR003029;
P37348,PF01904;,IPR002763;IPR036520;
P32721,PF00005;,IPR003593;IPR003439;IPR017871;IPR027417;
P76503,PF02803;PF00108;,IPR012806;IPR002155;IPR016039;IPR020615;IPR020610;IPR020617;IPR020613;IPR020616;
P04425,PF02955;PF02951;,IPR011761;IPR013815;IPR006284;IPR004218;IPR004215;IPR016185;
P76236,PF00990;PF17158;,IPR000160;IPR033424;IPR029787;
P00946,PF01238;,IPR001250;IPR016305;IPR018050;IPR014710;IPR011051;
P0A905,PF05433;,IPR008816;
P0ACG1,PF00816;,IPR027444;IPR037150;IPR001801;IPR027454;
P52129,PF15935;,IPR031845;
P32694,PF10897;,IPR020404;
P0A828,PF04361;,IPR007456;
P0A862,PF08534;,IPR013740;IPR036249;IPR013766;IPR002065;IPR018219;
P37751,PF00534;,IPR001296;
P0A8L7,PF04269;,IPR007376;IPR036763;
P77615,PF00356;PF00532;,IPR000843;IPR010982;IPR001761;IPR028082;
Q46899,PF09344;,IPR010148;
P64423,PF01544;,IPR002523;IPR023714;
P15082,PF00455;PF08220;,IPR014036;IPR001034;IPR037171;IPR018356;IPR036388;IPR036390;
P77546,PF01695;,IPR028350;IPR002611;IPR027417;
P0A8A2,PF01709;,IPR017856;IPR002876;IPR026564;IPR026562;IPR029072;
P27126,,
P05824,PF02463;,IPR004604;IPR027417;IPR003395;
P0A9N4,PF04055;,IPR013785;IPR034457;IPR012839;IPR012838;IPR034465;IPR001989;IPR007197;
P38521,PF04320;,IPR007416;
P52627,PF02899;,IPR022523;IPR004107;
P45523,PF00254;PF01346;,IPR001179;IPR000774;IPR036944;
P39831,PF00106;,IPR036291;IPR020904;IPR002347;
P04805,PF00749;,IPR008925;IPR020751;IPR001412;IPR004527;IPR000924;IPR020058;IPR033910;IPR014729;
P77804,PF06097;,IPR010352;
P76520,PF10938;,IPR021236;
P0A8A4,PF03618;,IPR005177;IPR026530;
P64540,PF08891;,IPR014987;
P69054,PF01127;,IPR034804;IPR018495;IPR014314;IPR000701;
P76201,PF01012;,IPR000049;IPR014730;IPR012255;IPR033948;IPR014729;
P77539,PF08240;PF00107;,IPR013149;IPR013154;IPR002328;IPR011032;IPR036291;
P0AGD7,PF00448;PF02881;PF02978;,IPR003593;IPR027417;IPR036891;IPR013822;IPR004125;IPR022941;IPR000897;IPR004780;
P75856,PF02753;PF00345;,IPR013783;IPR008962;IPR036316;IPR001829;IPR016148;IPR018046;IPR016147;
P05852,PF00814;,IPR000905;IPR017861;IPR017860;IPR022450;
P50457,PF00202;,IPR004632;IPR005814;IPR015424;IPR015422;IPR015421;
P76168,PF12167;PF00589;,IPR011010;IPR013762;IPR002104;IPR010998;IPR022000;
P39838,PF02518;PF01627;PF16359;,IPR003594;IPR036890;IPR005467;IPR036641;IPR030861;IPR032306;IPR038616;IPR008207;
Q46896,PF01867;,IPR033641;IPR002729;IPR019851;
P39346,PF08240;PF00107;,IPR013149;IPR013154;IPR011032;IPR036291;
P46125,PF05661;,IPR008526;
P22256,PF00202;,IPR004632;IPR005814;IPR015424;IPR015422;IPR015421;
P23522,PF03328;,IPR005000;IPR017648;IPR015813;IPR040442;
P75691,PF08240;PF00107;,IPR013149;IPR013154;IPR002328;IPR029752;IPR011032;IPR036291;IPR020843;
P76341,PF00576;,IPR014306;IPR023418;IPR000895;IPR023416;IPR036817;IPR023419;
P50456,PF00480;,IPR000600;IPR036388;IPR036390;
P77581,PF00202;,IPR017652;IPR004636;IPR005814;IPR015424;IPR015422;IPR015421;IPR026330;
P37909,PF00419;,IPR000259;IPR036937;IPR008966;
P0AEF8,PF00528;,IPR000515;IPR035906;
P33361,PF00528;,IPR000515;IPR035906;
P34209,PF02698;,IPR003848;IPR014729;
P77364,PF02595;,IPR018193;IPR004381;IPR018197;IPR036129;
P37313,PF00005;PF08352;,IPR003593;IPR003439;IPR017871;IPR013563;IPR027417;
P0ADF8,PF01842;,IPR004789;IPR002912;IPR039557;
P0A881,PF01371;,IPR000831;IPR013335;IPR010921;IPR038116;
P45956,PF09707;,IPR010152;
P26616,PF00390;PF03949;,IPR015884;IPR012301;IPR037062;IPR012302;IPR001891;IPR036291;IPR023667;
P76541,PF00936;,IPR037233;IPR030983;IPR009193;IPR000249;
P0A9X4,PF06723;,IPR004753;
P31119,PF01553;PF00501;,IPR023775;IPR020845;IPR000873;IPR002123;
P0A8V0,PF12706;,IPR001279;IPR036866;IPR013469;IPR013471;
P76513,PF10065;,IPR019276;
P17443,PF04101;PF03033;,IPR006009;IPR007235;IPR004276;
P76459,PF01144;,IPR012791;IPR004165;IPR004164;IPR037171;
P0A9W0,PF00455;PF08220;,IPR014036;IPR001034;IPR037171;IPR018356;IPR023711;IPR036388;IPR036390;
P77802,PF15976;PF16967;,IPR008969;IPR031917;IPR032636;
P75742,PF00854;,IPR023777;IPR005279;IPR020846;IPR036259;IPR000109;IPR018456;
P0A9C5,PF00120;PF03951;,IPR008147;IPR036651;IPR014746;IPR008146;IPR027303;IPR004809;IPR001637;IPR027302;
P32137,,IPR039672;IPR020846;IPR036259;IPR001927;IPR018043;
Q46907,PF01012;PF00766;,IPR029035;IPR014730;IPR001308;IPR014731;IPR014729;
P71301,PF00196;,IPR016032;IPR000792;IPR036388;
P77788,PF00293;,IPR020476;IPR015797;IPR020084;IPR000086;
P36771,PF00126;PF03466;,IPR005119;IPR000847;IPR036388;IPR036390;
P0ABX2,PF00460;PF06429;,IPR001444;IPR019776;IPR010930;IPR006299;
P76316,PF00291;,IPR027278;IPR005966;IPR023702;IPR001926;IPR036052;
P05050,PF13532;,IPR004574;IPR027450;IPR037151;IPR005123;
P0AE14,PF17113;,IPR031347;
P0AD57,PF00348;,IPR008949;IPR000092;IPR033749;
P42641,PF01018;PF01926;,IPR031167;IPR035101;IPR014100;IPR006074;IPR006169;IPR036726;IPR006073;IPR027417;
P0ACQ0,PF00356;,IPR000843;IPR010982;IPR028082;
P22564,PF01156;,IPR015910;IPR001910;IPR023186;IPR022976;IPR036452;
P33346,PF13569;,IPR025406;
P78271,PF05406;,IPR016835;IPR036930;IPR008893;
P07650,PF02885;PF00591;PF07831;,IPR000312;IPR017459;IPR036320;IPR035902;IPR036566;IPR013102;IPR018090;IPR017872;IPR000053;IPR013465;
P67701,PF01381;,IPR039060;IPR001387;IPR010982;
P08722,PF00358;PF00367;PF02378;,IPR011055;IPR036878;IPR018113;IPR001127;IPR003352;IPR013013;IPR011297;IPR001996;IPR004719;
P45527,PF01136;,IPR001539;IPR036206;
P62623,PF02401;,IPR003451;
P09158,PF17284;,IPR030374;IPR030373;IPR029063;IPR001045;IPR035246;IPR037163;
P77746,PF00126;PF03466;,IPR005119;IPR000847;IPR036388;IPR036390;
P76010,PF07238;PF07317;,IPR009875;IPR023787;IPR009926;
P27305,PF00749;,IPR022380;IPR000924;IPR020058;IPR014729;
P46837,PF00575;PF09371;PF16921;,IPR012340;IPR012337;IPR010994;IPR022967;IPR003029;IPR023323;IPR023319;IPR018974;IPR032639;IPR006641;IPR037027;
P0ADP7,PF02036;,IPR003033;IPR036527;IPR038989;
P64610,PF10707;,IPR011009;IPR019647;
P0AAB4,PF01977;,IPR002830;IPR023677;
P0A8H6,PF04220;,IPR007336;
P0ADK0,PF11254;,IPR021413;
P76297,PF06366;,IPR009420;
P0C0S1,PF00924;PF05552;,IPR010920;IPR011066;IPR006685;IPR006686;IPR011014;IPR023408;IPR008910;
P37669,PF01757;,IPR002656;IPR032905;
P00722,PF02929;PF16353;PF00703;PF02836;PF02837;,IPR004199;IPR036156;IPR011013;IPR008979;IPR014718;IPR006101;IPR023232;IPR023933;IPR006103;IPR023230;IPR006102;IPR006104;IPR017853;IPR013783;IPR032312;
P0A9H3,PF01276;PF03711;PF03709;,IPR005308;IPR011193;IPR000310;IPR008286;IPR036633;IPR015424;IPR015422;IPR015421;
P0A8A8,PF02576;PF17384;,IPR003728;IPR028998;IPR036847;IPR028989;IPR035956;
P32157,PF03475;PF03473;,IPR005163;IPR005302;IPR011037;
P31572,PF02515;,IPR023452;IPR003673;IPR023606;
P07821,PF00005;,IPR003593;IPR003439;IPR017871;IPR027417;
P0A7D7,PF01259;,IPR028923;IPR033934;IPR001636;IPR018236;
P76237,PF17155;PF00990;,IPR033420;IPR000160;IPR029787;
P0AF67,PF02367;,IPR027417;IPR003442;
P0AD21,PF13989;,IPR020489;
P0A7A5,,IPR000682;IPR029063;
P0AF76,PF09938;,IPR019231;
Q46953,PF06755;,IPR009610;
P37648,PF00675;PF05193;,IPR011249;IPR011765;IPR007863;
P46852,PF02678;,IPR012093;IPR003829;IPR014710;IPR011051;
P39407,PF01734;,IPR016035;IPR002641;IPR037483;
P76008,PF02016;,IPR027461;IPR029062;IPR027478;IPR040449;IPR003507;
P0ADG4,PF00459;,IPR033942;IPR020583;IPR000760;IPR020550;IPR022337;
P0AB43,PF05166;,IPR038068;IPR027354;
P0AFU4,PF00072;PF00158;,IPR003593;IPR011006;IPR009057;IPR027417;IPR001789;IPR002078;IPR025662;IPR025943;IPR025944;
P0AE60,PF10729;,IPR038463;IPR019666;
P17115,PF00571;PF01380;,IPR000644;IPR004800;IPR001347;IPR035474;
P76186,PF04632;,IPR006726;
P0AA41,PF00849;,IPR020103;IPR006224;IPR006145;
P0AB87,PF00596;,IPR001303;IPR036409;IPR004782;
P12999,PF08241;,IPR011814;IPR013216;IPR029063;
P75855,PF00419;,IPR000259;IPR036937;IPR008966;
P64631,PF10941;,IPR021238;
P08192,PF02875;PF08245;,IPR001645;IPR018109;IPR036565;IPR004101;IPR036615;IPR013221;
P75966,PF00849;,IPR020103;IPR000748;IPR018496;IPR006145;
P0AF03,PF00994;,IPR036425;IPR001453;IPR008284;
P37614,PF06611;,IPR009525;
P0ADP9,PF06288;,IPR009383;IPR038134;
P76034,PF00455;PF08220;,IPR014036;IPR001034;IPR037171;IPR018356;IPR036388;IPR036390;
P69346,PF02604;,IPR006442;IPR036165;
P0AAX8,PF03734;,IPR005490;IPR038063;
P76594,PF00583;PF13380;PF13607;,IPR016181;IPR011761;IPR013815;IPR003781;IPR000182;IPR036291;IPR032875;IPR016102;
P76334,,
P0A6U5,PF02527;,IPR003682;IPR029063;
P0AFZ3,PF04386;,IPR007481;IPR036760;
Q46939,PF02803;PF00108;,IPR002155;IPR016039;IPR020615;IPR020610;IPR020617;IPR020613;IPR020616;
P77488,PF13292;PF02779;PF02780;,IPR005477;IPR029061;IPR009014;IPR005475;IPR020826;IPR033248;IPR005474;
P0AFP6,PF01784;,IPR002678;IPR036069;
P77357,PF07687;PF01546;,IPR033845;IPR017439;IPR036264;IPR002933;IPR011650;
P0A6V1,PF00483;,IPR011831;IPR005836;IPR023049;IPR005835;IPR029044;IPR011004;
P37388,PF00005;,IPR003593;IPR003439;IPR017871;IPR013455;IPR027417;
P14377,PF02518;PF00512;,IPR003594;IPR036890;IPR005467;IPR003661;IPR036097;IPR029151;IPR004358;
